Name,Path,Position,Is Active,Url Key,Description,Image,Page Title,Meta Keywords,Meta Description,Include In Menu,Display Mode,CMS Block,Is Anchor,Availabe Sort By,Default Sort By,Page Layout,Custom Layout Update,Attribute Id,Brand Id
NISSAN,Europe1/Brand/CAPRISTO EXHAUST,113,Yes,nissan-parts,NISSAN,Nissan_2.jpg,NISSAN Car Parts & Accessories | Tuning Empire,NISSAN,Tuning Empire is offering a wide selection of tuning parts and accessories for NISSAN models.,Yes,Products only,,No,,,Brand layout,,3756,58
Bugatti,Europe1/Brand/CAPRISTO EXHAUST,68,Yes,bugatti-parts,Bugatti,Bugatti.jpg,Bugatti Car Parts & Accessories | Tuning Empire,Bugatti,Tuning Empire is offering a wide selection of tuning parts and accessories for Bugatti models.,Yes,Products only,,Yes,,,Brand layout,,3636,58
Bentley,Europe1/Brand/CAPRISTO EXHAUST,34,Yes,bentley-parts,Bentley,Bentley_1.jpg,Bentley Car Parts & Accessories | Tuning Empire,Bentley,Tuning Empire is offering a wide selection of tuning parts and accessories for Bentley models.,Yes,Products only,,Yes,,,Brand layout,,5,58
Rolls-Royce,Europe1/Brand/CAPRISTO EXHAUST,128,Yes,rolls-royce-parts,Rolls-Royce,Rolls-Royce.jpg,Rolls-Royce Car Parts & Accessories | Tuning Empire,Rolls-Royce,Tuning Empire is offering a wide selection of tuning parts and accessories for Rolls-Royce models.,Yes,Products only,,No,,,Brand layout,,28,58
Volkswagen,Europe1/Brand/CAPRISTO EXHAUST,133,Yes,volkswagen-parts,Volkswagen,volkswagen_10.jpg,Volkswagen Car Parts & Accessories | Tuning Empire,Volkswagen,Tuning Empire is offering a wide selection of tuning parts and accessories for Volkswagen models.,Yes,Products only,,No,,,Brand layout,,29,58
Range Rover,Europe1/Brand/CAPRISTO EXHAUST,123,Yes,range-rover-parts,Range Rover,Range_Rover_1.jpg,Range Rover Car Parts & Accessories | Tuning Empire,Range Rover,Tuning Empire is offering a wide selection of tuning parts and accessories for Range Rover models.,Yes,Products only,,No,,,Brand layout,,27,58
Porsche,Europe1/Brand/CAPRISTO EXHAUST,118,Yes,porsche-parts,,Porsche_9.jpg,Porsche Car Parts & Accessories | Tuning Empire,,Tuning Empire is offering a wide selection of tuning parts and accessories for Porsche models.,Yes,Products only,,No,,,Brand layout,,26,58
BMW,Europe1/Brand/CAPRISTO EXHAUST,43,Yes,bmw-parts,BMW ,bmw_12.jpg,BMW Car Parts & Accessories | Tuning Empire,BMW,Tuning Empire is offering a wide selection of tuning parts and accessories for BMW models.,Yes,Products only,,Yes,,,Brand layout,,6,58
Audi,Europe1/Brand/CAPRISTO EXHAUST,25,Yes,audi-parts,Audi,Audi_1.jpg,Audi Car Parts & Accessories | Tuning Empire,Audi,Tuning Empire is offering a wide selection of tuning parts and accessories for Audi models.,Yes,Products only,,Yes,,,Brand layout,,4,58
Aston Martin,Europe1/Brand/CAPRISTO EXHAUST,1,Yes,aston-martin-parts,Aston Martin,Aston_Martin_1.jpg,Aston Martin Car Parts & Accessories | Tuning Empire ,Aston Martin,Tuning Empire is offering a wide selection of tuning parts and accessories for Aston Martin models.,Yes,Products only,,Yes,,,Brand layout,,3,58
Ferrari,Europe1/Brand/CAPRISTO EXHAUST,52,Yes,ferrari-parts,Ferrari,Ferrari_1.jpg,Ferrari Car Parts & Accessories | Tuning Empire,Ferrari,Tuning Empire is offering a wide selection of tuning parts and accessories for Ferrari models.,Yes,Products only,,Yes,,,Brand layout,,10,58
Lamborghini,Europe1/Brand/CAPRISTO EXHAUST,61,Yes,lamborghini-parts,Lamborghini,Lamborghini.jpg,Lamborghini Car Parts & Accessories | Tuning Empire,Lamborghini,Tuning Empire is offering a wide selection of tuning parts and accessories for Lamborghini models.,Yes,Products only,,Yes,,,Brand layout,,16,58
Maserati,Europe1/Brand/CAPRISTO EXHAUST,73,Yes,maserati-parts,maserati,Maserati_main.jpg,Maserati Car Parts & Accessories | Tuning Empire,maserati,Tuning Empire is offering a wide selection of tuning parts and accessories for Maserati models.,Yes,Products only,,Yes,,,Brand layout,,17,58
McLaren,Europe1/Brand/CAPRISTO EXHAUST,78,Yes,mclaren-parts,McLaren,Mclaren.jpg,McLaren Car Parts & Accessories | Tuning Empire,McLaren,Tuning Empire is offering a wide selection of tuning parts and accessories for McLaren models.,Yes,Products only,,No,,,Brand layout,,24,58
Mercedes-Benz ,Europe1/Brand/CAPRISTO EXHAUST,108,Yes,mercedes-benz-parts,Mercedes-Benz ,Mercedes_2.jpg,Mercedes-Benz Car Parts & Accessories | Tuning Empire,Mercedes-Benz ,Tuning Empire is offering a wide selection of tuning parts and accessories for Mercedes-Benz models.,Yes,Products only,,No,,,Brand layout,,25,58
Aston Martin DB9,Europe1/Brand/CAPRISTO EXHAUST/Aston Martin,1,Yes,aston-martin-db9,,DBS_Aston_Martin_.jpg,,,,Yes,Products only,,Yes,,,Brand layout,,14,58
Aston Martin Vantage,Europe1/Brand/CAPRISTO EXHAUST/Aston Martin,34,Yes,aston-martin-vantage,,Aston-Martin-Vantage.jpg,,,,Yes,Products only,,Yes,,,Brand layout,,13,58
Aston Martin Vanquish,Europe1/Brand/CAPRISTO EXHAUST/Aston Martin,43,Yes,aston-martin-vanquish,,_Aston_Martin_Vanquish_New.jpg,,,,Yes,Products only,,Yes,,,Brand layout,,12,58
Aston Martin Virage ,Europe1/Brand/CAPRISTO EXHAUST/Aston Martin,61,Yes,aston-martin-virage,"Aston Martin Virage 
",,Aston Martin Virage ,"Aston Martin Virage 
","Aston Martin Virage 
",Yes,Products only,,Yes,,,Brand layout,,2967,58
Aston Martin DBS,Europe1/Brand/CAPRISTO EXHAUST/Aston Martin,25,Yes,aston-martin-dbs,"Aston Martin DBS
",,Aston Martin DBS,"Aston Martin DBS
","Aston Martin DBS
",Yes,Products only,,Yes,,,Brand layout,,2965,58
Aston Martin Rapide ,Europe1/Brand/CAPRISTO EXHAUST/Aston Martin,52,Yes,aston-martin-rapide,"Aston Martin Rapide 
",,Aston Martin Rapide ,"Aston Martin Rapide 
","Aston Martin Rapide 
",Yes,Products only,,Yes,,,Brand layout,,2966,58
Audi  SQ5 (8R),Europe1/Brand/CAPRISTO EXHAUST/Audi,258,Yes,audi-sq5-8r,Audi  SQ5 (8R),,Audi  SQ5 (8R),Audi  SQ5 (8R),Audi  SQ5 (8R),Yes,Products only,,Yes,,,Brand layout,,3424,58
Audi TT (8S),Europe1/Brand/CAPRISTO EXHAUST/Audi,238,Yes,audi-tt-8s,Audi TT (8S),,Audi TT (8S),Audi TT (8S),Audi TT (8S),Yes,Products only,,Yes,,,Brand layout,,3423,58
Audi S6 (C6),Europe1/Brand/CAPRISTO EXHAUST/Audi,158,Yes,audi-s6-c6,"Audi S6 (C6)
",,Audi S6 (C6),Audi S6 (C6),Audi S6 (C6),Yes,Products only,,Yes,,,Brand layout,,3422,58
Audi RS4 (B8),Europe1/Brand/CAPRISTO EXHAUST/Audi,123,Yes,audi-rs4-b8,Audi RS4 (B8),,Audi RS4 (B8),Audi RS4 (B8),Audi RS4 (B8),Yes,Products only,,Yes,,,Brand layout,,3421,58
Audi S4 (B7),Europe1/Brand/CAPRISTO EXHAUST/Audi,103,Yes,audi-s4-b7,Audi S4 (B7),,,Audi S4 (B7),Audi S4 (B7),Yes,Products only,,Yes,,,Brand layout,,3420,58
Audi RS3 (8V),Europe1/Brand/CAPRISTO EXHAUST/Audi,88,Yes,audi-rs3-8v,,,,,,Yes,Products only,,Yes,,,Brand layout,,3419,58
Audi RS4 (B7),Europe1/Brand/CAPRISTO EXHAUST/Audi,108,Yes,audi-rs4-b7,Audi RS4 (B7),,Audi RS4 (B7),Audi RS4 (B7),Audi RS4 (B7),Yes,Products only,,Yes,,,Brand layout,,3382,58
Audi R8 Gen. 2,Europe1/Brand/CAPRISTO EXHAUST/Audi,278,Yes,audi-r8-gen-2,Audi R8 Generation 2 (2015-),,Audi R8 Generation 2 (2015-),Audi R8 Gen. 2,Audi R8 Generation 2 (2015-),Yes,Products only,,No,,,Brand layout,,3748,58
Audi A8 (D2),Europe1/Brand/CAPRISTO EXHAUST/Audi,198,No,audi-a8-d2,Audi A8 (D2),,Audi A8 (D2),Audi A8 (D2),Audi A8 (D2),Yes,Products only,,Yes,,,Brand layout,,1668,58
Audi R8 V8,Europe1/Brand/CAPRISTO EXHAUST/Audi,268,Yes,audi-r8-v8,Audi R8 V8,,Audi R8 V8,Audi R8 V8,Audi R8 V8,Yes,Products only,,Yes,,,Brand layout,,379,58
Audi R8 V10,Europe1/Brand/CAPRISTO EXHAUST/Audi,273,Yes,audi-r8-v10,Audi R8 V10,,Audi R8 V10,Audi R8 V10,Audi R8 V10,Yes,Products only,,Yes,,,Brand layout,,380,58
Audi A8 (D3),Europe1/Brand/CAPRISTO EXHAUST/Audi,203,No,audi-a8-d3,Audi A8 (D3),,Audi A8 (D3),Audi A8 (D3),Audi A8 (D3),Yes,Products only,,Yes,,,Brand layout,,1669,58
Audi TT-S (8J),Europe1/Brand/CAPRISTO EXHAUST/Audi,228,Yes,audi-tts-8j,Audi TT-S (8J),,Audi TTS (8J),Audi TT-S (8J),Audi TT-S (8J),Yes,Products only,,Yes,,,Brand layout,,1666,58
Audi TT-RS (8J),Europe1/Brand/CAPRISTO EXHAUST/Audi,233,Yes,audi-tt-rs-8j,Audi TT-RS (8J),,Audi TT-RS (8J),Audi TT-RS (8J),Audi TT-RS (8J),Yes,Products only,,Yes,,,Brand layout,,1665,58
Audi TT (8J),Europe1/Brand/CAPRISTO EXHAUST/Audi,223,Yes,audi-tt-8j,Audi TT (8J),,Audi TT (8J),Audi TT (8J),Audi TT (8J),Yes,Products only,,Yes,,,Brand layout,,1664,58
Audi S8 (D4),Europe1/Brand/CAPRISTO EXHAUST/Audi,213,Yes,audi-s8-d4,Audi S8 (D4),,Audi S8 (D4),Audi S8 (D4),Audi S8 (D4),Yes,Products only,,Yes,,,Brand layout,,1663,58
Audi S7 (4G),Europe1/Brand/CAPRISTO EXHAUST/Audi,188,Yes,audi-s7-4g,Audi S7 (4G),,Audi S7 (4G),Audi S7 (4G),Audi S7 (4G),Yes,Products only,,Yes,,,Brand layout,,1662,58
Audi S6 (C7),Europe1/Brand/CAPRISTO EXHAUST/Audi,173,Yes,audi-s6-c7,Audi S6 (C7),,Audi S6 (C7),Audi S6 (C7),Audi S6 (C7),Yes,Products only,,Yes,,,Brand layout,,1661,58
"Audi S5	(8T)",Europe1/Brand/CAPRISTO EXHAUST/Audi,133,Yes,audi-s5,"Audi S5	(8T)
",,"Audi S5	(8T)","Audi S5	(8T)
","Audi S5	(8T)
",Yes,Products only,,Yes,,,Brand layout,,1660,58
Audi Q7 (4L),Europe1/Brand/CAPRISTO EXHAUST/Audi,263,Yes,audi-q7,Audi Q7 (4L),,Audi Q7 (4L),Audi Q7 (4L),Audi Q7 (4L),Yes,Products only,,Yes,,,Brand layout,,1651,58
Audi S4 (B8),Europe1/Brand/CAPRISTO EXHAUST/Audi,118,Yes,audi-s4-b8,Audi S4 (B8),,Audi S4 (B8),Audi S4 (B8),Audi S4 (B8),Yes,Products only,,Yes,,,Brand layout,,1659,58
Audi S3 (8V),Europe1/Brand/CAPRISTO EXHAUST/Audi,83,Yes,audi-s3-8v,Audi S3 (8V),,Audi S3 (8V),Audi S3 (8V),Audi S3 (8V),Yes,Products only,,Yes,,,Brand layout,,1658,58
Audi A4 (B8),Europe1/Brand/CAPRISTO EXHAUST/Audi,113,Yes,audi-a4-b8,Audi A4 (B8),,Audi A4 (B8),Audi A4 (B8),Audi A4 (B8),Yes,Products only,,Yes,,,Brand layout,,1642,58
Audi A4 (B7),Europe1/Brand/CAPRISTO EXHAUST/Audi,98,Yes,audi-a4-b7,Audi A4 (B7),,Audi A4 (B7),Audi A4 (B7),Audi A4 (B7),Yes,Products only,,Yes,,,Brand layout,,1641,58
Audi A3 (8V),Europe1/Brand/CAPRISTO EXHAUST/Audi,78,Yes,audi-a3-8v,Audi A3 (8V),,Audi A3 (8V),Audi A3 (8V),Audi A3 (8V),Yes,Products only,,Yes,,,Brand layout,,1640,58
Audi A3 (8P),Europe1/Brand/CAPRISTO EXHAUST/Audi,61,Yes,audi-a3-8p,Audi A3 (8P),,Audi A3 (8P),Audi A3 (8P),Audi A3 (8P),Yes,Products only,,Yes,,,Brand layout,,1639,58
Audi A1 (8X),Europe1/Brand/CAPRISTO EXHAUST/Audi,1,Yes,audi-a1-8x,Audi A1 (8X),,Audi A1 (8X),Audi A1 (8X),Audi A1 (8X),Yes,Products only,,Yes,,,Brand layout,,1638,58
Audi A3 (8L),Europe1/Brand/CAPRISTO EXHAUST/Audi,43,Yes,audi-a3,Audi A3 (8L),,Audi A3 (8L),Audi A3 (8L),Audi A3 (8L),Yes,Products only,,Yes,,,Brand layout,,1630,58
Audi A2 (8Z),Europe1/Brand/CAPRISTO EXHAUST/Audi,34,Yes,audi-a2-1-2-tdi,Audi A2,,Audi A2,Audi A2,Audi A2,Yes,Products only,,Yes,,,Brand layout,,1608,58
Audi A5 (8T),Europe1/Brand/CAPRISTO EXHAUST/Audi,128,Yes,audi-a5,Audi A5 (8T),,Audi A5 (8T),Audi A5 (8T),Audi A5 (8T),Yes,Products only,,Yes,,,Brand layout,,1643,58
Audi A6 (C6),Europe1/Brand/CAPRISTO EXHAUST/Audi,148,Yes,audi-a6-c6,Audi A6 (C6),,Audi A6 (C6),Audi A6 (C6),Audi A6 (C6),Yes,Products only,,Yes,,,Brand layout,,1644,58
Audi S3 (8P),Europe1/Brand/CAPRISTO EXHAUST/Audi,68,Yes,audi-s3-8p,Audi S3 (8P),,Audi S3 (8P),Audi S3 (8P),Audi S3 (8P),Yes,Products only,,Yes,,,Brand layout,,1657,58
Audi S1 (8x),Europe1/Brand/CAPRISTO EXHAUST/Audi,25,Yes,audi-s1-8x,Audi S1 (8x),,Audi S1 (8x),Audi S1 (8x),Audi S1 (8x),Yes,Products only,,Yes,,,Brand layout,,1656,58
Audi RS7 (4G),Europe1/Brand/CAPRISTO EXHAUST/Audi,193,Yes,audi-rs7,Audi RS7 (4G),,Audi RS7 (4G),Audi RS7 (4G),Audi RS7 (4G),Yes,Products only,,Yes,,,Brand layout,,1655,58
Audi RS6 (C7),Europe1/Brand/CAPRISTO EXHAUST/Audi,178,Yes,audi-rs6-c7,Audi RS6 (C7),,Audi RS6 (C7),Audi RS6 (C7),Audi RS6 (C7),Yes,Products only,,Yes,,,Brand layout,,1654,58
Audi RS3 (8P),Europe1/Brand/CAPRISTO EXHAUST/Audi,73,Yes,audi-rs3-8p,Audi RS3 (8P),,Audi RS3 (8P),Audi RS3 (8P),Audi RS3 (8P),Yes,Products only,,Yes,,,Brand layout,,1653,58
Audi Q3 RS (8U),Europe1/Brand/CAPRISTO EXHAUST/Audi,248,Yes,audi-q3-rs-8u,Audi Q3 RS (8U),,Audi Q3 RS (8U),Audi Q3 RS (8U),Audi Q3 RS (8U),Yes,Products only,,Yes,,,Brand layout,,1652,58
Audi Q5 (8R),Europe1/Brand/CAPRISTO EXHAUST/Audi,253,Yes,audi-q5,Audi Q5,,Audi Q5 (8R),Audi Q5 (8R),Audi Q5 (8R),Yes,Products only,,Yes,,,Brand layout,,1650,58
Audi Q3 (8U),Europe1/Brand/CAPRISTO EXHAUST/Audi,243,Yes,audi-q3-8u,Audi Q3 (8U),,Audi Q3 (8U),Audi Q3 (8U),Audi Q3 (8U),Yes,Products only,,Yes,,,Brand layout,,1649,58
Audi A8 (D4),Europe1/Brand/CAPRISTO EXHAUST/Audi,208,Yes,audi-a8-d4,Audi A8 (D4),,Audi A8 (D4),Audi A8 (D4),Audi A8 (D4),Yes,Products only,,Yes,,,Brand layout,,1648,58
Audi A7 (4G),Europe1/Brand/CAPRISTO EXHAUST/Audi,183,Yes,audi-a7,Audi A7 (4G),,Audi A7 (4G),Audi A7 (4G),Audi A7 (4G),Yes,Products only,,Yes,,,Brand layout,,1647,58
Audi A6 (C7),Europe1/Brand/CAPRISTO EXHAUST/Audi,168,Yes,audi-a6-c7,Audi A6 (C7),,Audi A6 (C7),Audi A6 (C7),Audi A6 (C7),Yes,Products only,,Yes,,,Brand layout,,1646,58
Audi A6 (C6) Allroad,Europe1/Brand/CAPRISTO EXHAUST/Audi,153,Yes,audi-a6-c6-allroad,Audi A6 (C6) Allroad,,Audi A6 (C6) Allroad,Audi A6 (C6) Allroad,Audi A6 (C6) Allroad,Yes,Products only,,Yes,,,Brand layout,,1645,58
Audi A4 (B6),Europe1/Brand/CAPRISTO EXHAUST/Audi,93,Yes,audi-a4,Audi A4 (B6),,Audi A4 (B6),Audi A4 (B6),Audi A4 (B6),Yes,Products only,,Yes,,,Brand layout,,1842,58
Audi A6 (C5),Europe1/Brand/CAPRISTO EXHAUST/Audi,143,No,audi-a6,Audi A6 (C5),,Audi A6 (C5),Audi A6 (C5),Audi A6 (C5),Yes,Products only,,Yes,,,Brand layout,,1843,58
Audi RS6 (C6),Europe1/Brand/CAPRISTO EXHAUST/Audi,163,Yes,audi-rs6,Audi RS6 (C6),,Audi RS6 (C6),Audi RS6 (C6),Audi RS6 (C6),Yes,Products only,,Yes,,,Brand layout,,1845,58
Audi S3 (8L),Europe1/Brand/CAPRISTO EXHAUST/Audi,52,Yes,audi-s3,Audi S3,,Audi S3,Audi S3,Audi S3,Yes,Products only,,Yes,,,Brand layout,,1847,58
Audi TT (8N),Europe1/Brand/CAPRISTO EXHAUST/Audi,218,Yes,audi-tt,Audi TT (8N),,Audi TT (8N),Audi TT (8N),Audi TT (8N),Yes,Products only,,Yes,,,Brand layout,,1848,58
Audi RS5 (8T),Europe1/Brand/CAPRISTO EXHAUST/Audi,138,Yes,audi-rs5-8t,Audi RS5 (8T),,Audi RS5 (8T),Audi RS5 (8T),Audi RS5 (8T),Yes,Products only,,Yes,,,Brand layout,,2970,58
Bentley Bentayga,Europe1/Brand/CAPRISTO EXHAUST/Bentley,52,Yes,bentley-bentayga,Bentley Bentayga,,Bentley Bentayga,Bentley Bentayga,Bentley Bentayga,Yes,Products only,,No,,,Brand layout,,3751,58
Bentley Continental Flying Spur,Europe1/Brand/CAPRISTO EXHAUST/Bentley,25,Yes,bentley-continental-flying-spur,Bentley Continental Flying Spur,,Bentley Continental Flying Spur,Bentley Continental Flying Spur,Bentley Continental Flying Spur,Yes,Products only,,Yes,,,Brand layout,,2972,58
Bentley Flying Spur 2014,Europe1/Brand/CAPRISTO EXHAUST/Bentley,34,Yes,bentley-flying-spur-2014,Bentley Flying Spur 2014,,Bentley Flying Spur 2014,Bentley Flying Spur 2014,Bentley Flying Spur 2014,Yes,Products only,,Yes,,,Brand layout,,2973,58
Bentley Continental GT  2nd Gen.,Europe1/Brand/CAPRISTO EXHAUST/Bentley,43,Yes,bentley-continental-gt-2nd-gen,Bentley Continental GT  2nd Gen.,,Bentley Continental GT  2nd Gen.,Bentley Continental GT  2nd Gen.,Bentley Continental GT  2nd Gen.,Yes,Products only,,Yes,,,Brand layout,,2974,58
Bentley Continental GT  / GT Convertible / Speed / Supersports,Europe1/Brand/CAPRISTO EXHAUST/Bentley,1,Yes,bentley-continental-gt-gt-convertible-speed-supersports,Bentley Continental GT  / GT Convertible / Speed / Supersports,,Bentley Continental GT  / GT Convertible / Speed / Supersports,Bentley Continental GT  / GT Convertible / Speed / Supersports,Bentley Continental GT  / GT Convertible / Speed / Supersports,Yes,Products only,,Yes,,,Brand layout,,2971,58
BMW X4 M40i (F26),Europe1/Brand/CAPRISTO EXHAUST/BMW,223,Yes,bmw-x4-m40i-f26,BMW X4 M40i (F26),,BMW X4 M40i (F26),BMW X4 M40i (F26),BMW X4 M40i (F26),Yes,Products only,,Yes,,,Brand layout,,3464,58
BMW X5M (F85),Europe1/Brand/CAPRISTO EXHAUST/BMW,253,Yes,bmw-x5m-f85,BMW X5M (F85),,BMW X5M (F85),BMW X5M (F85),BMW X5M (F85),Yes,Products only,,Yes,,,Brand layout,,3465,58
BMW X6M (F86),Europe1/Brand/CAPRISTO EXHAUST/BMW,278,Yes,bmw-x6m-f86,BMW X6M (F86),,BMW X6M (F86),BMW X6M (F86),BMW X6M (F86),Yes,Products only,,Yes,,,Brand layout,,3466,58
"BMW 2 series M235i (F22,F23)",Europe1/Brand/CAPRISTO EXHAUST/BMW,61,Yes,bmw-2er-m235i-f22-f23,"BMW 2 series M235i (F22,F23)",,"BMW 2 series M235i (F22,F23)","BMW 2 series M235i (F22,F23)","BMW 2 series M235i (F22,F23)",Yes,Products only,,Yes,,,Brand layout,,3462,58
"BMW 1 series M135i (F20, F21)",Europe1/Brand/CAPRISTO EXHAUST/BMW,43,Yes,bmw-1er-m135i-f20-f21,"BMW 1 series M135i (F20, F21)",,"BMW 1 series M135i (F20, F21)","BMW 1 series M135i (F20, F21)","BMW 1 series M135i (F20, F21)",Yes,Products only,,Yes,,,Brand layout,,3460,58
BMW M2 (F87),Europe1/Brand/CAPRISTO EXHAUST/BMW,73,Yes,bmw-m2-f87,BMW M2 (F87),,BMW M2 (F87),BMW M2 (F87),BMW M2 (F87),Yes,Products only,,Yes,,,Brand layout,,3463,58
"BMW X6	(F16)",Europe1/Brand/CAPRISTO EXHAUST/BMW,268,Yes,bmw-x6-f16,"BMW X6	(F16)",,"BMW X6	(F16)",,"BMW X6	(F16)",Yes,Products only,,Yes,,,Brand layout,,3723,58
"BMW X5	(F15)",Europe1/Brand/CAPRISTO EXHAUST/BMW,243,Yes,bmw-x5-f15,"BMW X5	(F15)
",,"BMW X5	(F15)","BMW X5	(F15)
","BMW X5	(F15)
",Yes,Products only,,Yes,,,Brand layout,,3722,58
"BMW 5 series M550d (F10,F11)",Europe1/Brand/CAPRISTO EXHAUST/BMW,148,Yes,bmw-5er-m550d-f10-f11,"BMW 5 series M550d (F10,F11)",,"BMW 5 series M550d (F10,F11)","BMW 5 series M550d (F10,F11)","BMW 5 series M550d (F10,F11)",Yes,Products only,,Yes,,,Brand layout,,3708,58
BMW i8,Europe1/Brand/CAPRISTO EXHAUST/BMW,295,Yes,bmw-i8,BMW i8,,BMW i8,BMW i8,BMW i8,Yes,Products only,,No,,,Brand layout,,3782,58
BMW X6M (E71),Europe1/Brand/CAPRISTO EXHAUST/BMW,263,Yes,bmw-x6m,"BMW X6M (E71)
",,,BMW X6M (E71),BMW X6M (E71),Yes,Products only,,Yes,,,Brand layout,,49,58
BMW X1 (E84),Europe1/Brand/CAPRISTO EXHAUST/BMW,203,Yes,bmw-x1-e84,BMW X1 (E84),,BMW X1 (E84),BMW X1 (E84),BMW X1 (E84),Yes,Products only,,Yes,,,Brand layout,,1700,58
BMW X3 (E83),Europe1/Brand/CAPRISTO EXHAUST/BMW,208,Yes,bmw-x3-e83,BMW X3 (E83),,BMW X3 (E83),BMW X3 (E83),BMW X3 (E83),Yes,Products only,,Yes,,,Brand layout,,1701,58
BMW X3 (F25),Europe1/Brand/CAPRISTO EXHAUST/BMW,213,Yes,bmw-x3-f25,BMW X3 (F25),,BMW X3 (F25),BMW X3 (F25),BMW X3 (F25),Yes,Products only,,Yes,,,Brand layout,,1702,58
BMW X4 (F26),Europe1/Brand/CAPRISTO EXHAUST/BMW,218,Yes,bmw-x4-f26,BMW X4 (F26),,BMW X4 (F26),BMW X4 (F26),BMW X4 (F26),Yes,Products only,,Yes,,,Brand layout,,1703,58
BMW X5 (E53),Europe1/Brand/CAPRISTO EXHAUST/BMW,228,No,bmw-x5-e53,BMW X5 (E53),,BMW X5 (E53),BMW X5 (E53),BMW X5 (E53),Yes,Products only,,Yes,,,Brand layout,,1704,58
BMW X5 (E70),Europe1/Brand/CAPRISTO EXHAUST/BMW,233,Yes,bmw-x5-e70,BMW X5 (E70),,BMW X5 (E70),BMW X5 (E70),BMW X5 (E70),Yes,Products only,,Yes,,,Brand layout,,1705,58
BMW X5 M50d (F15),Europe1/Brand/CAPRISTO EXHAUST/BMW,248,Yes,bmw-x5-f15,"BMW X5 M50d (F15)
",,BMW X5 M50d (F15),BMW X5 M50d (F15),BMW X5 M50d (F15),Yes,Products only,,Yes,,,Brand layout,,1706,58
BMW X6 (E71),Europe1/Brand/CAPRISTO EXHAUST/BMW,258,Yes,bmw-x6-e71,BMW X6M (E71),,BMW X6M (E71),BMW X6M (E71),BMW X6M (E71),Yes,Products only,,Yes,,,Brand layout,,1707,58
BMW 7 series (E38),Europe1/Brand/CAPRISTO EXHAUST/BMW,188,No,bmw-7er-e38,BMW 7 series (E38),,BMW 7 series (E38),BMW 7 series (E38),BMW 7 series (E38),Yes,Products only,,Yes,,,Brand layout,,1697,58
"BMW 2 series (F22,F23)",Europe1/Brand/CAPRISTO EXHAUST/BMW,52,Yes,bmw-2er-f22,"BMW 2 series (F22,F23)",,"BMW 2 series (F22,F23)","BMW 2 series (F22,F23)","BMW 2 series (F22,F23)",Yes,Products only,,Yes,,,Brand layout,,1684,58
"BMW 1 series (F20, F21)",Europe1/Brand/CAPRISTO EXHAUST/BMW,34,Yes,bmw-1er-f20-f21,"BMW 1 series (F20, F21)",,"BMW 1 series (F20, F21)","BMW 1 series (F20, F21)","BMW 1 series (F20, F21)",Yes,Products only,,Yes,,,Brand layout,,1683,58
BMW 1 series M-Coupe (E82),Europe1/Brand/CAPRISTO EXHAUST/BMW,25,Yes,bmw-1er-e82-m-coupe,BMW 1 series M-Coupe (E82),,BMW 1 series M-Coupe (E82),BMW 1 series M-Coupe (E82),BMW 1 series M-Coupe (E82),Yes,Products only,,Yes,,,Brand layout,,1682,58
BMW 1 series (E81-E88),Europe1/Brand/CAPRISTO EXHAUST/BMW,1,Yes,bmw-1er-e81-e88,BMW 1 series (E81-E88),,BMW 1 series (E81-E88),BMW 1 series (E81-E88),BMW 1 series (E81-E88),Yes,Products only,,Yes,,,Brand layout,,1675,58
BMW 3 series (E46),Europe1/Brand/CAPRISTO EXHAUST/BMW,78,Yes,bmw-3er-e46,BMW 3 series (E46),,BMW 3 series (E46),BMW 3 series (E46),BMW 3 series (E46),Yes,Products only,,Yes,,,Brand layout,,1685,58
BMW 3 series (E90-E93),Europe1/Brand/CAPRISTO EXHAUST/BMW,88,Yes,bmw-3er-e90-e93,BMW 3 series (E90-E93),,BMW 3 series (E90-E93),BMW 3 series (E90-E93),BMW 3 series (E90-E93),Yes,Products only,,Yes,,,Brand layout,,1686,58
BMW 7 series (E65-E66),Europe1/Brand/CAPRISTO EXHAUST/BMW,193,Yes,bmw-7er-e65-e66,BMW 7 series (E65-E66),,BMW 7 series (E65-E66),BMW 7 series (E65-E66),BMW 7 series (E65-E66),Yes,Products only,,Yes,,,Brand layout,,1698,58
BMW 7 series (F01-F04),Europe1/Brand/CAPRISTO EXHAUST/BMW,198,Yes,bmw-7er-f01-f04,BMW 7 series (F01-F04),,BMW 7 series (F01-F04),BMW 7 series (F01-F04),BMW 7 series (F01-F04),Yes,Products only,,Yes,,,Brand layout,,1699,58
"BMW 6 series (F12, F13)",Europe1/Brand/CAPRISTO EXHAUST/BMW,178,Yes,bmw-6er-f12-f13,"BMW 6 series (F12, F13)",,"BMW 6 series (F12, F13)","BMW 6 series (F12, F13)","BMW 6 series (F12, F13)",Yes,Products only,,Yes,,,Brand layout,,1696,58
BMW 6 series Grand Coupe (F06),Europe1/Brand/CAPRISTO EXHAUST/BMW,168,Yes,bmw-6er-f06-gran-coupe,BMW 6 series Grand Coupe (F06),,BMW 6 series Grand Coupe (F06),BMW 6 series Grand Coupe (F06),BMW 6 series Grand Coupe (F06),Yes,Products only,,Yes,,,Brand layout,,1695,58
"BMW 6 series (E63, E64)",Europe1/Brand/CAPRISTO EXHAUST/BMW,158,Yes,bmw-6er-e63-e64,"BMW 6 series (E63, E64)",,"BMW 6 series (E63, E64)","BMW 6 series (E63, E64)","BMW 6 series (E63, E64)",Yes,Products only,,Yes,,,Brand layout,,1694,58
"BMW 5 series (F10, F11)",Europe1/Brand/CAPRISTO EXHAUST/BMW,143,Yes,bmw-5er-f10-f11,"BMW 5 series (F10, F11)",,"BMW 5 series (F10, F11)","BMW 5 series (F10, F11)","BMW 5 series (F10, F11)",Yes,Products only,,Yes,,,Brand layout,,1693,58
BMW 5 series GT (F07),Europe1/Brand/CAPRISTO EXHAUST/BMW,138,Yes,bmw-5er-f07-gt,BMW 5 series GT (F07),,BMW 5 series GT (F07),BMW 5 series GT (F07),BMW 5 series GT (F07),Yes,Products only,,Yes,,,Brand layout,,1692,58
"BMW 5 series (E60, E61)",Europe1/Brand/CAPRISTO EXHAUST/BMW,128,Yes,bmw-5er-e60-e61,"BMW 5 series (E60, E61)",,"BMW 5 series (E60, E61)","BMW 5 series (E60, E61)","BMW 5 series (E60, E61)",Yes,Products only,,Yes,,,Brand layout,,1691,58
BMW 5 series (E39),Europe1/Brand/CAPRISTO EXHAUST/BMW,118,No,bmw-5er-e39,BMW 5 series (E39),,BMW 5 series (E39),BMW 5 series (E39),BMW 5 series (E39),Yes,Products only,,Yes,,,Brand layout,,1690,58
"BMW 4 series (F32, F33, F36)",Europe1/Brand/CAPRISTO EXHAUST/BMW,108,Yes,bmw-4er-f32-f33,"BMW 4 series (F32, F33, F36)",,"BMW 4 series (F32, F33, F36)","BMW 4 series (F32, F33, F36)","BMW 4 series (F32, F33, F36)",Yes,Products only,,Yes,,,Brand layout,,1689,58
"BMW 3 series (F30, F31, F34, F35)",Europe1/Brand/CAPRISTO EXHAUST/BMW,98,Yes,bmw-3er-f30-f31-f35,"BMW 3 series (F30, F31, F34, F35)",,"BMW 3 series (F30, F31, F34, F35)","BMW 3 series (F30, F31, F34, F35)","BMW 3 series (F30, F31, F34, F35)",Yes,Products only,,Yes,,,Brand layout,,1687,58
BMW M3 (E90/92/93),Europe1/Brand/CAPRISTO EXHAUST/BMW,93,Yes,bmw-m3-e90-92-93,BMW M3 (E90/92/93),,BMW M3 (E90/92/93),BMW M3 (E90/92/93),BMW M3 (E90/92/93),Yes,Products only,,No,,,Brand layout,,583,58
BMW M4 (F82/F83),Europe1/Brand/CAPRISTO EXHAUST/BMW,113,Yes,m4-f82-f83,BMW M4 (F82/F83),,BMW M4 (F82/F83),BMW M4 (F82/F83),BMW M4 (F82/F83),Yes,Products only,,Yes,,,Brand layout,,2088,58
BMW M5 (F10),Europe1/Brand/CAPRISTO EXHAUST/BMW,153,Yes,m5-f10,BMW M5 (F10),,BMW M5 (F10),BMW M5 (F10),BMW M5 (F10),Yes,Products only,,Yes,,,Brand layout,,2089,58
"BMW M6 (F12, F13)",Europe1/Brand/CAPRISTO EXHAUST/BMW,183,Yes,m6-f12-f13,"BMW M6 (F12, F13)",,"BMW M6 (F12, F13)","BMW M6 (F12, F13)","BMW M6 (F12, F13)",Yes,Products only,,Yes,,,Brand layout,,2091,58
BMW Z4 (E89),Europe1/Brand/CAPRISTO EXHAUST/BMW,291,Yes,z4-e89,BMW Z4 (E89),,BMW Z4 (E89),BMW Z4 (E89),BMW Z4 (E89),Yes,Products only,,Yes,,,Brand layout,,2092,58
BMW M3 (E46),Europe1/Brand/CAPRISTO EXHAUST/BMW,83,Yes,bmw-m3-e46,BMW M3 (E46),,BMW M3 (E46),BMW M3 (E46),BMW M3 (E46),Yes,Products only,,Yes,,,Brand layout,,2975,58
BMW M3 (F80),Europe1/Brand/CAPRISTO EXHAUST/BMW,103,Yes,bmw-m3-f80,BMW M3 (F80),,BMW M3 (F80),BMW M3 (F80),BMW M3 (F80),Yes,Products only,,Yes,,,Brand layout,,2976,58
BMW M5 (E39),Europe1/Brand/CAPRISTO EXHAUST/BMW,123,No,bmw-m5-e39,BMW M5 (E39),,BMW M5 (E39),BMW M5 (E39),BMW M5 (E39),Yes,Products only,,No,,,Brand layout,,2977,58
"BMW M5 (E60, E61)",Europe1/Brand/CAPRISTO EXHAUST/BMW,133,Yes,bmw-m5-e60-e61,"BMW M5 (E60, E61)",,"BMW M5 (E60, E61)","BMW M5 (E60, E61)","BMW M5 (E60, E61)",Yes,Products only,,Yes,,,Brand layout,,2978,58
"BMW M6  (E63, E64)",Europe1/Brand/CAPRISTO EXHAUST/BMW,163,Yes,bmw-m6-e63-e64,"BMW M6  (E63, E64)",,"BMW M6  (E63, E64)","BMW M6  (E63, E64)","BMW M6  (E63, E64)",Yes,Products only,,Yes,,,Brand layout,,2980,58
BMW Z4 (E85/E86),Europe1/Brand/CAPRISTO EXHAUST/BMW,283,Yes,bmw-z4-e85-e86,BMW Z4 (E85/E86),,BMW Z4 (E85/E86),BMW Z4 (E85/E86),BMW Z4 (E85/E86),Yes,Products only,,Yes,,,Brand layout,,2983,58
BMW Z4M (E85/E86),Europe1/Brand/CAPRISTO EXHAUST/BMW,287,Yes,bmw-z4m-e85-e86,BMW Z4M (E85/E86),,BMW Z4M (E85/E86),BMW Z4M (E85/E86),BMW Z4M (E85/E86),Yes,Products only,,Yes,,,Brand layout,,2984,58
BMW 2 series (F45),Europe1/Brand/CAPRISTO EXHAUST/BMW,68,Yes,218d-active-tourer-f45,BMW 2 series (F45),,BMW 2 series (F45),BMW 2 series (F45),BMW 2 series (F45),Yes,Products only,,Yes,,,Brand layout,,2232,58
BMW X6 M50d (F16),Europe1/Brand/CAPRISTO EXHAUST/BMW,273,Yes,x6-xdrive30d-f16-new-x6-from-12-2014,"BMW X6 M50d (F16)
",,BMW X6 M50d (F16),"BMW X6 M50d (F16)
","BMW X6 M50d (F16)
",Yes,Products only,,Yes,,,Brand layout,,2246,58
BMW X5M (E70),Europe1/Brand/CAPRISTO EXHAUST/BMW,238,Yes,x5-e70-m,BMW X5M (E70),,BMW X5M (E70),BMW X5M (E70),BMW X5M (E70),Yes,Products only,,Yes,,,Brand layout,,2260,58
BMW M6  (F06),Europe1/Brand/CAPRISTO EXHAUST/BMW,173,Yes,m6-f06,BMW M6  (F06),,BMW M6  (F06),BMW M6  (F06),BMW M6  (F06),Yes,Products only,,Yes,,,Brand layout,,2267,58
Bugatti Chiron,Europe1/Brand/CAPRISTO EXHAUST/Bugatti,25,Yes,bugatti-chiron,Bugatti Chiron,,Bugatti Chiron,Bugatti Chiron,Bugatti Chiron,Yes,Products only,,No,,,Brand layout,,3775,58
Bugatti Veyron,Europe1/Brand/CAPRISTO EXHAUST/Bugatti,1,Yes,bugatti-veyron,Bugatti Veyron,,Bugatti Veyron,Bugatti Veyron,Bugatti Veyron,Yes,Products only,,No,,,Brand layout,,3774,58
Ferrari 488 GTB,Europe1/Brand/CAPRISTO EXHAUST/Ferrari,1,Yes,ferrari-488-gtb,Ferrari 488 GTB,,Ferrari 488 GTB,Ferrari 488 GTB,Ferrari 488 GTB,Yes,Products only,,No,,,Brand layout,,3769,58
Ferrari GTC4 Lusso,Europe1/Brand/CAPRISTO EXHAUST/Ferrari,93,Yes,ferrari-gtc4-lusso,Ferrari GTC4 Lusso,,Ferrari GTC4 Lusso,Ferrari GTC4 Lusso,Ferrari GTC4 Lusso,Yes,Products only,,No,,,Brand layout,,3785,58
Ferrari F458 Italia,Europe1/Brand/CAPRISTO EXHAUST/Ferrari,25,Yes,ferrari-f458-italia,Ferrari F458 Italia,,,Ferrari F458 Italia,Ferrari F458 Italia,Yes,Products only,,Yes,,,Brand layout,,63,58
Ferrari F12 Berlinetta,Europe1/Brand/CAPRISTO EXHAUST/Ferrari,43,Yes,ferrari-f12-berlinetta,Ferrari F12 Berlinetta,,,Ferrari F12 Berlinetta,Ferrari F12 Berlinetta,Yes,Products only,,Yes,,,Brand layout,,62,58
Ferrari F612,Europe1/Brand/CAPRISTO EXHAUST/Ferrari,73,Yes,ferrari-f612,Ferrari F612,,,Ferrari F612,Ferrari F612,Yes,Products only,,Yes,,,Brand layout,,61,58
Ferrari F599,Europe1/Brand/CAPRISTO EXHAUST/Ferrari,61,Yes,ferrari-f599,Ferrari F599,,,Ferrari F599,Ferrari F599,Yes,Products only,,Yes,,,Brand layout,,60,58
Ferrari F575,Europe1/Brand/CAPRISTO EXHAUST/Ferrari,78,Yes,ferrari-f575,Ferrari F575,,,Ferrari F575,Ferrari F575,Yes,Products only,,Yes,,,Brand layout,,59,58
Ferrari F430,Europe1/Brand/CAPRISTO EXHAUST/Ferrari,83,Yes,ferrari-f430,Ferrari F430,,,Ferrari F430,Ferrari F430,Yes,Products only,,Yes,,,Brand layout,,58,58
Ferrari F360,Europe1/Brand/CAPRISTO EXHAUST/Ferrari,88,Yes,ferrari-f360,Ferrari F360,,,Ferrari F360,Ferrari F360,Yes,Products only,,Yes,,,Brand layout,,57,58
Ferrari California,Europe1/Brand/CAPRISTO EXHAUST/Ferrari,34,Yes,ferrari-california,Ferrari California,,,Ferrari California,Ferrari California,Yes,Products only,,Yes,,,Brand layout,,64,58
Ferrari F599 GTO,Europe1/Brand/CAPRISTO EXHAUST/Ferrari,68,Yes,ferrari-f599-gto,"Ferrari F599 GTO
",,Ferrari F599 GTO,"Ferrari F599 GTO
","Ferrari F599 GTO
",Yes,Products only,,Yes,,,Brand layout,,2985,58
Ferrari FF,Europe1/Brand/CAPRISTO EXHAUST/Ferrari,52,Yes,ferrari-ff,"Ferrari FF
",,Ferrari FF,"Ferrari FF
","Ferrari FF
",Yes,Products only,,Yes,,,Brand layout,,2986,58
Lamborghini Huracán,Europe1/Brand/CAPRISTO EXHAUST/Lamborghini,25,Yes,lamborghini-huracan,"Lamborghini Huracán
",,Lamborghini Huracán,"Lamborghini Huracán
","Lamborghini Huracán
",Yes,Products only,,Yes,,,Brand layout,,2991,58
Lamborghini Aventador,Europe1/Brand/CAPRISTO EXHAUST/Lamborghini,1,Yes,lamborghini-aventador,"Lamborghini Aventador
",,Lamborghini Aventador,"Lamborghini Aventador
","Lamborghini Aventador
",Yes,Products only,,Yes,,,Brand layout,,2990,58
Lamborghini Gallardo Gen.2  2008-2012,Europe1/Brand/CAPRISTO EXHAUST/Lamborghini,34,Yes,lamborghini-gallardo-gen-2-2008-2012,Lamborghini Gallardo Gen.2  (LP 560-4 / LP 570-4 / LP 550-2),,Lamborghini Gallardo Gen.2  (LP 560-4 / LP 570-4 / LP 550-2),Lamborghini Gallardo Gen.2  (LP 560-4 / LP 570-4 / LP 550-2),Lamborghini Gallardo Gen.2  (LP 560-4 / LP 570-4 / LP 550-2),Yes,Products only,,No,,,Brand layout,,486,58
Lamborghini Gallardo Gen.1  2003-2008,Europe1/Brand/CAPRISTO EXHAUST/Lamborghini,43,Yes,lamborghini-gallardo-gen-1-2003-2008,Lamborghini Gallardo Gen.1  2003-2008,,Lamborghini Gallardo Gen.1  2003-2008,Lamborghini Gallardo Gen.1  2003-2008,Lamborghini Gallardo Gen.1  2003-2008,Yes,Products only,,No,,,Brand layout,,479,58
Lamborghini Murciélago,Europe1/Brand/CAPRISTO EXHAUST/Lamborghini,52,Yes,lamborghini-murcielago,"Lamborghini Murciélago
",,Lamborghini Murciélago,"Lamborghini Murciélago
","Lamborghini Murciélago
",Yes,Products only,,Yes,,,Brand layout,,2989,58
MASERATI Quattroporte,Europe1/Brand/CAPRISTO EXHAUST/Maserati,73,Yes,maserati-quattroporte,MASERATI Quattroporte,,MASERATI Quattroporte,MASERATI Quattroporte,MASERATI Quattroporte,Yes,Products only,,Yes,,,Brand layout,,2999,58
MASERATI GranTurismo Sport Coupè 4.7i V8 \'12 –›,Europe1/Brand/CAPRISTO EXHAUST/Maserati,68,Yes,maserati-granturismo-sport-coupe-4-7i-v8-12,"MASERATI GranTurismo Sport Coupè 4.7i V8 \'12 –›
",,MASERATI GranTurismo Sport Coupè 4.7i V8 \'12 –›,"MASERATI GranTurismo Sport Coupè 4.7i V8 \'12 –›
","MASERATI GranTurismo Sport Coupè 4.7i V8 \'12 –›
",Yes,Products only,,Yes,,,Brand layout,,2998,58
MASERATI GranCabrio Sport 4.7i V8 \'11 –›,Europe1/Brand/CAPRISTO EXHAUST/Maserati,61,Yes,maserati-grancabrio-sport-4-7i-v8-11,"MASERATI GranCabrio Sport 4.7i V8 \'11 –›
",,MASERATI GranCabrio Sport 4.7i V8 \'11 –›,"MASERATI GranCabrio Sport 4.7i V8 \'11 –›
","MASERATI GranCabrio Sport 4.7i V8 \'11 –›
",Yes,Products only,,Yes,,,Brand layout,,2997,58
MASERATI GranCabrio 4.7i V8 ,Europe1/Brand/CAPRISTO EXHAUST/Maserati,52,Yes,maserati-grancabrio-4-7i-v8,"MASERATI GranCabrio 4.7i V8 
",,MASERATI GranCabrio 4.7i V8 ,"MASERATI GranCabrio 4.7i V8 
","MASERATI GranCabrio 4.7i V8 
",Yes,Products only,,Yes,,,Brand layout,,2996,58
MASERATI GranTurismo S Coupè 4.7i V8,Europe1/Brand/CAPRISTO EXHAUST/Maserati,43,Yes,maserati-granturismo-s-coupe-4-7i-v8,"MASERATI GranTurismo S Coupè 4.7i V8
",,MASERATI GranTurismo S Coupè 4.7i V8,"MASERATI GranTurismo S Coupè 4.7i V8
","MASERATI GranTurismo S Coupè 4.7i V8
",Yes,Products only,,Yes,,,Brand layout,,2995,58
MASERATI GranTurismo Coupè 4.2i V8 ,Europe1/Brand/CAPRISTO EXHAUST/Maserati,34,Yes,maserati-granturismo-coupe-4-2i-v8,"MASERATI GranTurismo Coupè 4.2i V8 
",,MASERATI GranTurismo Coupè 4.2i V8 ,"MASERATI GranTurismo Coupè 4.2i V8 
","MASERATI GranTurismo Coupè 4.2i V8 
",Yes,Products only,,Yes,,,Brand layout,,2994,58
MASERATI Coupè / Spyder Gransport 4.2i V8 ,Europe1/Brand/CAPRISTO EXHAUST/Maserati,25,Yes,maserati-coupe-spyder-gransport-4-2i-v8,"MASERATI Coupè / Spyder Gransport 4.2i V8 
",,MASERATI Coupè / Spyder Gransport 4.2i V8 ,"MASERATI Coupè / Spyder Gransport 4.2i V8 
","MASERATI Coupè / Spyder Gransport 4.2i V8 
",Yes,Products only,,Yes,,,Brand layout,,2993,58
MASERATI Coupè / Spyder 4.2i V8 \'02 –› \'04,Europe1/Brand/CAPRISTO EXHAUST/Maserati,1,Yes,maserati-coupe-spyder-4-2i-v8-02-04,"MASERATI Coupè / Spyder 4.2i V8 \'02 –› \'04
",,MASERATI Coupè / Spyder 4.2i V8 \'02 –› \'04,"MASERATI Coupè / Spyder 4.2i V8 \'02 –› \'04
","MASERATI Coupè / Spyder 4.2i V8 \'02 –› \'04
",Yes,Products only,,Yes,,,Brand layout,,2992,58
MASERATI Levante,Europe1/Brand/CAPRISTO EXHAUST/Maserati,83,Yes,maserati-levante,MASERATI Levante,,MASERATI Levante,MASERATI Levante,MASERATI Levante,Yes,Products only,,No,,,Brand layout,,3768,58
MASERATI Ghibli III (M157),Europe1/Brand/CAPRISTO EXHAUST/Maserati,78,Yes,maserati-ghibli-iii-m157,MASERATI Ghibli III (M157),,MASERATI Ghibli III (M157),MASERATI Ghibli III (M157),MASERATI Ghibli III (M157),Yes,Products only,,Yes,,,Brand layout,,1708,58
McLaren 675 LT,Europe1/Brand/CAPRISTO EXHAUST/McLaren,34,Yes,mclaren-675-lt,"McLaren 675 LT
",,McLaren 675 LT,"McLaren 675 LT
","McLaren 675 LT
",Yes,Products only,,Yes,,,Brand layout,,3524,58
McLaren 570 S,Europe1/Brand/CAPRISTO EXHAUST/McLaren,43,Yes,mclaren-570-s,"McLaren 570 S
",,McLaren 570 S,"McLaren 570 S
","McLaren 570 S
",Yes,Products only,,Yes,,,Brand layout,,3525,58
Mclaren P1,Europe1/Brand/CAPRISTO EXHAUST/McLaren,52,Yes,mclaren-p1,"Mclaren P1
",,Mclaren P1,"Mclaren P1
","Mclaren P1
",Yes,Products only,,Yes,,,Brand layout,,3526,58
Mclaren 650 S,Europe1/Brand/CAPRISTO EXHAUST/McLaren,25,Yes,mclaren-650-s,"Mclaren 650 S
",,Mclaren 650 S,"Mclaren 650 S
","Mclaren 650 S
",Yes,Products only,,Yes,,,Brand layout,,3002,58
Mclaren MP4-12C,Europe1/Brand/CAPRISTO EXHAUST/McLaren,1,Yes,mclaren-mp4-12c,Mclaren MP4-12C,,Mclaren MP4-12C,Mclaren MP4-12C,Mclaren MP4-12C,Yes,Products only,,Yes,,,Brand layout,,3001,58
Mercedes ML 63 AMG (W166),Europe1/Brand/CAPRISTO EXHAUST/Mercedes-Benz ,258,Yes,mercedes-ml-63-amg-w166,Mercedes ML 63 AMG (W166),,Mercedes ML 63 AMG (W166),Mercedes ML 63 AMG (W166),Mercedes ML 63 AMG (W166),Yes,Products only,,Yes,,,Brand layout,,3405,58
Mercedes-Benz C63 AMG W205,Europe1/Brand/CAPRISTO EXHAUST/Mercedes-Benz ,108,Yes,mercedes-benz-c63-amg-w205,Mercedes-Benz C63 AMG W205,,Mercedes-Benz C63 AMG W205,Mercedes-Benz C63 AMG W205,Mercedes-Benz C63 AMG W205,Yes,Products only,,Yes,,,Brand layout,,3709,58
Mercedes AMG-GT | GT-S,Europe1/Brand/CAPRISTO EXHAUST/Mercedes-Benz ,323,Yes,mercedes-amg-gt-gt-s,Mercedes AMG-GT (C190)  | GT-S (C120),,Mercedes AMG-GT | GT-S,Mercedes AMG-GT | GT-S,Mercedes AMG-GT | GT-S,Yes,Products only,,Yes,,,Brand layout,,3551,58
Mercedes GLE-Class Coupe C292,Europe1/Brand/CAPRISTO EXHAUST/Mercedes-Benz ,268,Yes,mercedes-gle-class-coupe-c292,Mercedes GLE-Class Coupe C292,,Mercedes GLE-Class Coupe C292,Mercedes GLE-Class Coupe C292,Mercedes GLE-Class Coupe C292,Yes,Products only,,Yes,,,Brand layout,,3550,58
Mercedes GLE-Class W166,Europe1/Brand/CAPRISTO EXHAUST/Mercedes-Benz ,263,Yes,mercedes-gle-class-w166,Mercedes GLE-Class W166,,Mercedes GLE-Class W166,Mercedes GLE-Class W166,Mercedes GLE-Class W166,Yes,Products only,,Yes,,,Brand layout,,3549,58
Mercedes GLA-Class 45 AMG X156,Europe1/Brand/CAPRISTO EXHAUST/Mercedes-Benz ,228,Yes,mercedes-gla-class-45-amg-x156,Mercedes GLA-Class 45 AMG X156,,Mercedes GLA-Class 45 AMG X156,Mercedes GLA-Class 45 AMG X156,Mercedes GLA-Class 45 AMG X156,Yes,Products only,,Yes,,,Brand layout,,3547,58
Mercedes E-Class W213,Europe1/Brand/CAPRISTO EXHAUST/Mercedes-Benz ,203,Yes,mercedes-e-class-w213,Mercedes E-Class W213,,Mercedes E-Class W213,Mercedes E-Class W213,Mercedes E-Class W213,Yes,Products only,,Yes,,,Brand layout,,3546,58
Mercedes CLA 45 AMG C117,Europe1/Brand/CAPRISTO EXHAUST/Mercedes-Benz ,128,Yes,mercedes-cla-a-45-amg-c117,Mercedes CLA 45 AMG C117,,Mercedes CLA 45 AMG C117,Mercedes CLA 45 AMG C117,Mercedes CLA 45 AMG C117,Yes,Products only,,Yes,,,Brand layout,,3545,58
Mercedes GLE-Class Coupe 63 AMG C292,Europe1/Brand/CAPRISTO EXHAUST/Mercedes-Benz ,350,Yes,mercedes-gle-class-coupe-63-amg-c292,Mercedes GLE-Class Coupe 63 AMG C292,,Mercedes GLE-Class Coupe 63 AMG C292,Mercedes GLE-Class Coupe 63 AMG C292,Mercedes GLE-Class Coupe 63 AMG C292,Yes,Products only,,No,,,Brand layout,,3744,58
Mercedes C63 AMG Black Series,Europe1/Brand/CAPRISTO EXHAUST/Mercedes-Benz ,98,Yes,mercedes-c63-amg-black-series,Mercedes C63 AMG Black Series (W204),,Mercedes C63 AMG Black Series (W204),Mercedes C63 AMG Black Series (W204),Mercedes C63 AMG Black Series (W204),Yes,Products only,,No,,,Brand layout,,3391,58
Mercedes SLS AMG C197,Europe1/Brand/CAPRISTO EXHAUST/Mercedes-Benz ,320,Yes,mercedes-sls-amg-c197,Mercedes SLS AMG C197,,Mercedes SLS AMG C197,Mercedes SLS AMG C197,Mercedes SLS AMG C197,Yes,Products only,,Yes,,,Brand layout,,3367,58
Mercedes SLR C199,Europe1/Brand/CAPRISTO EXHAUST/Mercedes-Benz ,317,Yes,mercedes-slr-c199,Mercedes SLR C199,,Mercedes SLR C199,Mercedes SLR C199,Mercedes SLR C199,Yes,Products only,,Yes,,,Brand layout,,3360,58
Mercedes SLK  R171,Europe1/Brand/CAPRISTO EXHAUST/Mercedes-Benz ,311,No,mercedes-slk-r171,Mercedes SLK  R171,,Mercedes SLK  R171,Mercedes SLK  R171,Mercedes SLK  R171,Yes,Products only,,Yes,,,Brand layout,,3353,58
Mercedes SLK  R170,Europe1/Brand/CAPRISTO EXHAUST/Mercedes-Benz ,308,No,mercedes-slk-r170,Mercedes SLK  R170,,Mercedes SLK  R170,Mercedes SLK  R170,Mercedes SLK  R170,Yes,Products only,,Yes,,,Brand layout,,3346,58
Mercedes SL Class R231,Europe1/Brand/CAPRISTO EXHAUST/Mercedes-Benz ,305,Yes,mercedes-sl-class-r231,Mercedes SL Class R231,,Mercedes SL Class R231,Mercedes SL Class R231,Mercedes SL Class R231,Yes,Products only,,Yes,,,Brand layout,,3339,58
Mercedes SL Class R230,Europe1/Brand/CAPRISTO EXHAUST/Mercedes-Benz ,299,Yes,mercedes-sl-class-r230,Mercedes SL Class R230,,Mercedes SL Class R230,Mercedes SL Class R230,Mercedes SL Class R230,Yes,Products only,,Yes,,,Brand layout,,3332,58
Mercedes CLS   Shooting Brake X218,Europe1/Brand/CAPRISTO EXHAUST/Mercedes-Benz ,168,Yes,mercedes-cls-shooting-brake-x218,Mercedes CLS   Shooting Brake X218,,Mercedes CLS   Shooting Brake X218,Mercedes CLS   Shooting Brake X218,Mercedes CLS   Shooting Brake X218,Yes,Products only,,Yes,,,Brand layout,,3325,58
Mercedes CLK W208,Europe1/Brand/CAPRISTO EXHAUST/Mercedes-Benz ,133,No,mercedes-clk-w208,Mercedes CLK W208,,Mercedes CLK W208,Mercedes CLK W208,Mercedes CLK W208,Yes,Products only,,Yes,,,Brand layout,,3318,58
Mercedes  CL-Class C215,Europe1/Brand/CAPRISTO EXHAUST/Mercedes-Benz ,113,No,mercedes-cl-class-c215,Mercedes  CL-Class C215,,Mercedes  CL-Class C215,Mercedes  CL-Class C215,Mercedes  CL-Class C215,Yes,Products only,,Yes,,,Brand layout,,3311,58
Mercedes  A-Class A-45 AMG W176,Europe1/Brand/CAPRISTO EXHAUST/Mercedes-Benz ,43,Yes,mercedes-a-class-a-45-amg-w176,Mercedes  A-Class A-45 AMG W176,,Mercedes  A-Class A-45 AMG W176,Mercedes  A-Class A-45 AMG W176,Mercedes  A-Class A-45 AMG W176,Yes,Products only,,Yes,,,Brand layout,,3310,58
Mercedes-Benz SL63 V8 / SL 65 V12 (R231),Europe1/Brand/CAPRISTO EXHAUST/Mercedes-Benz ,371,Yes,mercedes-benz-sl63-v8-sl-65-v12-r231,Mercedes-Benz SL63 V8 / SL 65 V12 (R231),,Mercedes-Benz SL63 V8 / SL 65 V12 (R231),Mercedes-Benz SL63 V8 / SL 65 V12 (R231),Mercedes-Benz SL63 V8 / SL 65 V12 (R231),Yes,Products only,,No,,,Brand layout,,3770,58
Mercedes-Benz CLS 63 AMG (C218),Europe1/Brand/CAPRISTO EXHAUST/Mercedes-Benz ,368,Yes,mercedes-benz-cls-63-amg-c218,Mercedes-Benz CLS 63 AMG (C218),,Mercedes-Benz CLS 63 AMG (C218),Mercedes-Benz CLS 63 AMG (C218),Mercedes-Benz CLS 63 AMG (C218),Yes,Products only,,No,,,Brand layout,,3767,58
Mercedes-Benz GLS-Class X166,Europe1/Brand/CAPRISTO EXHAUST/Mercedes-Benz ,365,Yes,mercedes-benz-gls-class-x166,Mercedes-Benz GLS-Class X166,,Mercedes-Benz GLS-Class X166,Mercedes-Benz GLS-Class X166,Mercedes-Benz GLS-Class X166,Yes,Products only,,No,,,Brand layout,,3754,58
Mercedes-Benz GLS 63 AMG X166,Europe1/Brand/CAPRISTO EXHAUST/Mercedes-Benz ,362,Yes,mercedes-benz-gls-63-amg-x166,Mercedes-Benz GLS 63 AMG X166,,Mercedes-Benz GLS 63 AMG X166,Mercedes-Benz GLS 63 AMG X166,Mercedes-Benz GLS 63 AMG X166,Yes,Products only,,No,,,Brand layout,,3753,58
Mercedes-Benz S-Class 63 AMG (W222),Europe1/Brand/CAPRISTO EXHAUST/Mercedes-Benz ,359,Yes,mercedes-s-class-63-amg-w222,Mercedes-Benz S-Class 63 AMG (W222),,Mercedes-Benz S-Class 63 AMG (W222),Mercedes-Benz S-Class 63 AMG (W222),Mercedes-Benz S-Class 63 AMG (W222),Yes,Products only,,No,,,Brand layout,,3752,58
"Mercedes S-Class Coupe 63 AMG	C217",Europe1/Brand/CAPRISTO EXHAUST/Mercedes-Benz ,356,Yes,mercedes-s-class-coupe-63-amg-c217,"Mercedes S-Class Coupe 63 AMG	C217",,"Mercedes S-Class Coupe 63 AMG	C217","Mercedes S-Class Coupe 63 AMG	C217","Mercedes S-Class Coupe 63 AMG	C217",Yes,Products only,,No,,,Brand layout,,3750,58
Mercedes-AMG GT R,Europe1/Brand/CAPRISTO EXHAUST/Mercedes-Benz ,374,Yes,mercedes-amg-gt-r,Mercedes-AMG GT R,,Mercedes-AMG GT R,Mercedes-AMG GT R,Mercedes-AMG GT R,Yes,Products only,,No,,,Brand layout,,3778,58
Mercedes-Benz E63 AMG W213,Europe1/Brand/CAPRISTO EXHAUST/Mercedes-Benz ,389,Yes,mercedes-benz-e63-amg-w213,Mercedes-Benz E63 AMG W213,,Mercedes-Benz E63 AMG W213,Mercedes-Benz E63 AMG W213,Mercedes-Benz E63 AMG W213,Yes,Products only,,No,,,Brand layout,,3786,58
Mercedes S63 AMG Convertible A217,Europe1/Brand/CAPRISTO EXHAUST/Mercedes-Benz ,386,Yes,mercedes-s63-amg-convertible-a217,Mercedes S63 AMG Convertible A217,,Mercedes S63 AMG Convertible A217,Mercedes S63 AMG Convertible A217,Mercedes S63 AMG Convertible A217,Yes,Products only,,No,,,Brand layout,,3784,58
Mercedes-Benz GLC-Class SUV Wagon (X253),Europe1/Brand/CAPRISTO EXHAUST/Mercedes-Benz ,383,Yes,mercedes-benz-glc-class-suv-wagon-x253,Mercedes-Benz GLC-Class SUV Wagon (X253),,Mercedes-Benz GLC-Class SUV Wagon (X253),Mercedes-Benz GLC-Class SUV Wagon (X253),Mercedes-Benz GLC-Class SUV Wagon (X253),Yes,Products only,,No,,,Brand layout,,3781,58
Mercedes-Benz GLC-Class Coupe (C253),Europe1/Brand/CAPRISTO EXHAUST/Mercedes-Benz ,380,Yes,mercedes-benz-glc-class-coupe-c253,Mercedes-Benz GLC-Class Coupe (C253),,Mercedes-Benz GLC-Class Coupe (C253),Mercedes-Benz GLC-Class Coupe (C253),Mercedes-Benz GLC-Class Coupe (C253),Yes,Products only,,No,,,Brand layout,,3780,58
Mercedes-Benz S-Class Sedan (W222),Europe1/Brand/CAPRISTO EXHAUST/Mercedes-Benz ,377,Yes,mercedes-benz-s-class-sedan-w222,Mercedes-Benz S-Class Sedan (W222),,Mercedes-Benz S-Class Sedan (W222),Mercedes-Benz S-Class Sedan (W222),Mercedes-Benz S-Class Sedan (W222),Yes,Products only,,No,,,Brand layout,,3779,58
"Mercedes S-Class Coupe	 C217",Europe1/Brand/CAPRISTO EXHAUST/Mercedes-Benz ,353,Yes,mercedes-s-class-coupe-c217,"Mercedes S-Class Coupe	 C217",,"Mercedes S-Class Coupe	 C217","Mercedes S-Class Coupe	 C217","Mercedes S-Class Coupe	 C217",Yes,Products only,,No,,,Brand layout,,3749,58
Mercedes E 63 AMG  W212,Europe1/Brand/CAPRISTO EXHAUST/Mercedes-Benz ,198,Yes,mercedes-e-63-amg-w212,Mercedes E 63 AMG  W212,,Mercedes E 63 AMG  W212,Mercedes E 63 AMG  W212,Mercedes E 63 AMG  W212,Yes,Products only,,No,,,Brand layout,,535,58
Mercedes C63 AMG coupe and sedan W204 facelift 2011,Europe1/Brand/CAPRISTO EXHAUST/Mercedes-Benz ,93,Yes,mercedes-c63-amg-coupe-sedan-w-204-facelift-2011,Mercedes Benz C63 AMG coupe / sedan W-204 facelift 2011 (MY 2011 onwards),,,Mercedes Benz C63 AMG coupe / sedan W-204 facelift 2011 (MY 2011 onwards),,Yes,Products only,,Yes,,,Brand layout,,48,58
Mercedes CLS 63 AMG  C219,Europe1/Brand/CAPRISTO EXHAUST/Mercedes-Benz ,158,Yes,mercedes-cls-63-amg-c219,Mercedes CLS 63 AMG ,,Mercedes CLS 63 AMG ,Mercedes CLS 63 AMG ,Mercedes CLS 63 AMG ,Yes,Products only,,Yes,,,Brand layout,,534,58
Mercedes CLK W209,Europe1/Brand/CAPRISTO EXHAUST/Mercedes-Benz ,138,Yes,mercedes-clk-w209,Mercedes CLK W209,,Mercedes CLK W209,Mercedes CLK W209,Mercedes CLK W209,Yes,Products only,,Yes,,,Brand layout,,495,58
Mercedes CLK 63 Black Series (W209),Europe1/Brand/CAPRISTO EXHAUST/Mercedes-Benz ,148,Yes,mercedes-clk-63-black-series,"Mercedes CLK 63 Black Series (W209)
",,Mercedes CLK 63 Black Series (W209),"Mercedes CLK 63 Black Series (W209)
","Mercedes CLK 63 Black Series (W209)
",Yes,Products only,,No,,,Brand layout,,494,58
Mercedes CLK 63 AMG (W209),Europe1/Brand/CAPRISTO EXHAUST/Mercedes-Benz ,143,Yes,mercedes-clk-63-amg,Mercedes CLK 63 AMG (W209),,Mercedes CLK 63 AMG,Mercedes CLK 63 AMG (W209),Mercedes CLK 63 AMG (W209),Yes,Products only,,No,,,Brand layout,,493,58
Mercedes E-Class Coupe C-207,Europe1/Brand/CAPRISTO EXHAUST/Mercedes-Benz ,178,Yes,e-class-coupe-c-207,Mercedes E-Class Coupe C-207,,,Mercedes E-Class Coupe C-207,Mercedes E-Class Coupe C-207,Yes,Products only,,No,,,Brand layout,,44,58
Mercedes C63 AMG sedan W204 pre-facelift 2008-2010,Europe1/Brand/CAPRISTO EXHAUST/Mercedes-Benz ,88,Yes,c63-amg-sedan-pre-facelift-my-2008-2010,Mercedes C63 AMG sedan W204 Pre-facelift (MY 2008-2010) ,,,"C63 AMG, Mercedes C63 AMG sedan, C63 AMG Pre-facelift","C63 AMG, Mercedes C63 AMG sedan, C63 AMG Pre-facelift, Mercedes Benz C63 AMG",Yes,Products only,,Yes,,,Brand layout,,43,58
Mercedes C-Class (W204),Europe1/Brand/CAPRISTO EXHAUST/Mercedes-Benz ,83,Yes,mercedes-c-class-w204,Mercedes C-Class (W204),,Mercedes C-Class (W204),Mercedes C-Class (W204),Mercedes C-Class (W204),Yes,Products only,,Yes,,,Brand layout,,1711,58
Mercedes CLA (C 117),Europe1/Brand/CAPRISTO EXHAUST/Mercedes-Benz ,123,Yes,mercedes-cla-c-117,Mercedes CLA (C 117),,Mercedes CLA (C 117),Mercedes CLA (C 117),Mercedes CLA (C 117),Yes,Products only,,Yes,,,Brand layout,,1712,58
Mercedes CLS (C218),Europe1/Brand/CAPRISTO EXHAUST/Mercedes-Benz ,163,Yes,mercedes-cls-c218,Mercedes CLS (C218),,Mercedes CLS (C218),Mercedes CLS (C218),Mercedes CLS (C218),Yes,Products only,,Yes,,,Brand layout,,1713,58
Mercedes E (W212),Europe1/Brand/CAPRISTO EXHAUST/Mercedes-Benz ,193,Yes,mercedes-e-w212,Mercedes E (W212),,Mercedes E (W212),Mercedes E (W212),Mercedes E (W212),Yes,Products only,,Yes,,,Brand layout,,1714,58
Mercedes GL (X166),Europe1/Brand/CAPRISTO EXHAUST/Mercedes-Benz ,218,Yes,mercedes-gl-x166,Mercedes GL (X166),,Mercedes GL (X166),Mercedes GL (X166),Mercedes GL (X166),Yes,Products only,,Yes,,,Brand layout,,1715,58
Mercedes GLA (X156),Europe1/Brand/CAPRISTO EXHAUST/Mercedes-Benz ,223,Yes,mercedes-gla-x156,Mercedes GLA (X156),,Mercedes GLA (X156),Mercedes GLA (X156),Mercedes GLA (X156),Yes,Products only,,Yes,,,Brand layout,,1716,58
Mercedes GLK (X204),Europe1/Brand/CAPRISTO EXHAUST/Mercedes-Benz ,233,Yes,mercedes-glk-x204,Mercedes GLK (X204),,Mercedes GLK (X204),Mercedes GLK (X204),Mercedes GLK (X204),Yes,Products only,,Yes,,,Brand layout,,1717,58
Mercedes ML-Class (W166),Europe1/Brand/CAPRISTO EXHAUST/Mercedes-Benz ,253,Yes,mercedes-ml-w166,Mercedes ML-Class (W166),,Mercedes ML-Class (W166),Mercedes ML-Class (W166),Mercedes ML-Class (W166),Yes,Products only,,Yes,,,Brand layout,,1718,58
Mercedes-Benz S-Class (W222),Europe1/Brand/CAPRISTO EXHAUST/Mercedes-Benz ,295,Yes,mercedes-s-class-w222,Mercedes-Benz S-Class (W222),,Mercedes-Benz S-Class (W222),Mercedes-Benz S-Class (W222),Mercedes-Benz S-Class (W222),Yes,Products only,,Yes,,,Brand layout,,1719,58
Mercedes SLK (R172),Europe1/Brand/CAPRISTO EXHAUST/Mercedes-Benz ,314,Yes,mercedes-slk-r172,Mercedes SLK (R172),,Mercedes SLK (R172),Mercedes SLK (R172),Mercedes SLK (R172),Yes,Products only,,Yes,,,Brand layout,,1720,58
Mercedes A (W168),Europe1/Brand/CAPRISTO EXHAUST/Mercedes-Benz ,1,No,mercedes-a-w168,Mercedes A (W168),,Mercedes A (W168),Mercedes A (W168),Mercedes A (W168),Yes,Products only,,Yes,,,Brand layout,,1721,58
Mercedes A (W169),Europe1/Brand/CAPRISTO EXHAUST/Mercedes-Benz ,25,No,mercedes-a-w169,Mercedes A (W169),,Mercedes A (W169),Mercedes A (W169),Mercedes A (W169),Yes,Products only,,Yes,,,Brand layout,,1722,58
Mercedes B (W246),Europe1/Brand/CAPRISTO EXHAUST/Mercedes-Benz ,61,No,mercedes-b-w246,Mercedes B (W246),,Mercedes B (W246),Mercedes B (W246),Mercedes B (W246),Yes,Products only,,Yes,,,Brand layout,,1710,58
Mercedes A (W176),Europe1/Brand/CAPRISTO EXHAUST/Mercedes-Benz ,34,Yes,mercedes-a-w176,Mercedes A (W176),,Mercedes A (W176),Mercedes A (W176),Mercedes A (W176),Yes,Products only,,Yes,,,Brand layout,,1709,58
Mercedes B (T245),Europe1/Brand/CAPRISTO EXHAUST/Mercedes-Benz ,52,No,mercedes-b-t245,Mercedes B (T245),,Mercedes B (T245),Mercedes B (T245),Mercedes B (T245),Yes,Products only,,Yes,,,Brand layout,,1723,58
Mercedes SL 63 AMG R230,Europe1/Brand/CAPRISTO EXHAUST/Mercedes-Benz ,302,Yes,mercedes-sl-63-amg-r230,Mercedes SL 63 AMG R230,,Mercedes SL 63 AMG R230,Mercedes SL 63 AMG R230,Mercedes SL 63 AMG R230,Yes,Products only,,No,,,Brand layout,,540,58
Mercedes CL-Class (C216),Europe1/Brand/CAPRISTO EXHAUST/Mercedes-Benz ,118,Yes,mercedes-cl-class-c216,Mercedes CL-Class (C216),,Mercedes CL-Class (C216),Mercedes CL-Class (C216),Mercedes CL-Class (C216),Yes,Products only,,No,,,Brand layout,,539,58
Mercedes R 63 AMG  W251,Europe1/Brand/CAPRISTO EXHAUST/Mercedes-Benz ,278,Yes,mercedes-r-63-amg-w251,Mercedes R 63 AMG  W251,,Mercedes R 63 AMG  W251,Mercedes R 63 AMG  W251,Mercedes R 63 AMG  W251,Yes,Products only,,No,,,Brand layout,,538,58
Mercedes ML 63 AMG  W164,Europe1/Brand/CAPRISTO EXHAUST/Mercedes-Benz ,248,Yes,mercedes-ml-63-amg-w164,Mercedes ML 63 AMG  W164,,Mercedes ML 63 AMG  W164,Mercedes ML 63 AMG  W164,Mercedes ML 63 AMG  W164,Yes,Products only,,No,,,Brand layout,,537,58
Mercedes S-Class 63 AMG  (W221),Europe1/Brand/CAPRISTO EXHAUST/Mercedes-Benz ,291,Yes,mercedes-s-class-63-amg-w221,Mercedes S-Class 63 AMG  (W221),,Mercedes S-Class 63 AMG  (W221),Mercedes S-Class 63 AMG  (W221),Mercedes S-Class 63 AMG  (W221),Yes,Products only,,No,,,Brand layout,,536,58
Mercedes Citan (W415),Europe1/Brand/CAPRISTO EXHAUST/Mercedes-Benz ,173,No,mercedes-citan-w415,Mercedes Citan (W415),,Mercedes Citan (W415),Mercedes Citan (W415),Mercedes Citan (W415),Yes,Products only,,Yes,,,Brand layout,,1728,58
Mercedes V (W638),Europe1/Brand/CAPRISTO EXHAUST/Mercedes-Benz ,338,No,mercedes-v-w638,Mercedes V (W638),,Mercedes V (W638),Mercedes V (W638),Mercedes V (W638),Yes,Products only,,Yes,,,Brand layout,,1744,58
Mercedes Vaneo (W414),Europe1/Brand/CAPRISTO EXHAUST/Mercedes-Benz ,332,No,mercedes-vaneo-w414,Mercedes Vaneo (W414),,Mercedes Vaneo (W414),Mercedes Vaneo (W414),Mercedes Vaneo (W414),Yes,Products only,,Yes,,,Brand layout,,1745,58
Mercedes Viano (W639),Europe1/Brand/CAPRISTO EXHAUST/Mercedes-Benz ,341,No,mercedes-viano-w639,Mercedes Viano (W639),,Mercedes Viano (W639),Mercedes Viano (W639),Mercedes Viano (W639),Yes,Products only,,Yes,,,Brand layout,,1746,58
Mercedes Vito (W638),Europe1/Brand/CAPRISTO EXHAUST/Mercedes-Benz ,344,No,mercedes-vito-w638,Mercedes Vito (W638),,Mercedes Vito (W638),Mercedes Vito (W638),Mercedes Vito (W638),Yes,Products only,,Yes,,,Brand layout,,1747,58
Mercedes Vito (W639),Europe1/Brand/CAPRISTO EXHAUST/Mercedes-Benz ,347,No,mercedes-vito-w639,Mercedes Vito (W639),,Mercedes Vito (W639),Mercedes Vito (W639),Mercedes Vito (W639),Yes,Products only,,Yes,,,Brand layout,,1748,58
Mercedes C-Class (W205),Europe1/Brand/CAPRISTO EXHAUST/Mercedes-Benz ,103,Yes,mercedes-c-class-w205,Mercedes C-Class (W205),,Mercedes C-Class (W205),Mercedes C-Class (W205),Mercedes C-Class (W205),Yes,Products only,,Yes,,,Brand layout,,1726,58
Mercedes V (W447),Europe1/Brand/CAPRISTO EXHAUST/Mercedes-Benz ,335,No,mercedes-v-w447,Mercedes V (W447),,Mercedes V (W447),Mercedes V (W447),Mercedes V (W447),Yes,Products only,,Yes,,,Brand layout,,1743,58
Mercedes Sprinter II (W906),Europe1/Brand/CAPRISTO EXHAUST/Mercedes-Benz ,329,No,mercedes-sprinter-ii-w906,Mercedes Sprinter II (W906),,Mercedes Sprinter II (W906),Mercedes Sprinter II (W906),Mercedes Sprinter II (W906),Yes,Products only,,Yes,,,Brand layout,,1742,58
Mercedes Sprinter I (901-905),Europe1/Brand/CAPRISTO EXHAUST/Mercedes-Benz ,326,No,mercedes-sprinter-i-901-905,Mercedes Sprinter I (901-905),,Mercedes Sprinter I (901-905),Mercedes Sprinter I (901-905),Mercedes Sprinter I (901-905),Yes,Products only,,Yes,,,Brand layout,,1741,58
Mercedes C SportCoupé (CL203),Europe1/Brand/CAPRISTO EXHAUST/Mercedes-Benz ,68,No,mercedes-c-sportcoupe-cl203,Mercedes C SportCoupé (CL203),,Mercedes C SportCoupé (CL203),Mercedes C SportCoupé (CL203),Mercedes C SportCoupé (CL203),Yes,Products only,,Yes,,,Brand layout,,1727,58
Mercedes CLS (C219),Europe1/Brand/CAPRISTO EXHAUST/Mercedes-Benz ,153,Yes,mercedes-cls-c219,Mercedes CLS (C219),,Mercedes CLS (C219),Mercedes CLS (C219),Mercedes CLS (C219),Yes,Products only,,Yes,,,Brand layout,,1731,58
Mercedes E (W210),Europe1/Brand/CAPRISTO EXHAUST/Mercedes-Benz ,183,No,mercedes-e-w210,Mercedes E (W210),,Mercedes E (W210),Mercedes E (W210),Mercedes E (W210),Yes,Products only,,Yes,,,Brand layout,,1732,58
Mercedes E (W211),Europe1/Brand/CAPRISTO EXHAUST/Mercedes-Benz ,188,Yes,mercedes-e-w211,Mercedes E (W211),,Mercedes E (W211),Mercedes E (W211),Mercedes E (W211),Yes,Products only,,Yes,,,Brand layout,,1733,58
Mercedes-Benz G-Class (W463),Europe1/Brand/CAPRISTO EXHAUST/Mercedes-Benz ,208,Yes,mercedes-g-w463,Mercedes-Benz G-Class ,,Mercedes-Benz G-Class ,Mercedes-Benz G-Class ,Mercedes-Benz G-Class ,Yes,Products only,,Yes,,,Brand layout,,1734,58
Mercedes GL (X164),Europe1/Brand/CAPRISTO EXHAUST/Mercedes-Benz ,213,Yes,mercedes-gl-x164,Mercedes GL (X164),,Mercedes GL (X164),Mercedes GL (X164),Mercedes GL (X164),Yes,Products only,,Yes,,,Brand layout,,1735,58
Mercedes ML (W163),Europe1/Brand/CAPRISTO EXHAUST/Mercedes-Benz ,238,No,mercedes-ml-w163,Mercedes ML (W163),,Mercedes ML (W163),Mercedes ML (W163),Mercedes ML (W163),Yes,Products only,,Yes,,,Brand layout,,1736,58
Mercedes ML (W164),Europe1/Brand/CAPRISTO EXHAUST/Mercedes-Benz ,243,Yes,mercedes-ml-w164,Mercedes ML (W164),,Mercedes ML (W164),Mercedes ML (W164),Mercedes ML (W164),Yes,Products only,,Yes,,,Brand layout,,1737,58
Mercedes R (W251),Europe1/Brand/CAPRISTO EXHAUST/Mercedes-Benz ,273,Yes,mercedes-r-w251,Mercedes R (W251),,Mercedes R (W251),Mercedes R (W251),Mercedes R (W251),Yes,Products only,,Yes,,,Brand layout,,1738,58
Mercedes S-Class (W220),Europe1/Brand/CAPRISTO EXHAUST/Mercedes-Benz ,283,No,mercedes-s-class-w220,Mercedes S-Class (W220),,Mercedes S-Class (W220),Mercedes S-Class (W220),Mercedes S-Class (W220),Yes,Products only,,Yes,,,Brand layout,,1739,58
Mercedes S-Class (W221),Europe1/Brand/CAPRISTO EXHAUST/Mercedes-Benz ,287,Yes,mercedes-s-class-w221,Mercedes S-Class (W221),,Mercedes S-Class (W221),Mercedes S-Class (W221),Mercedes S-Class (W221),Yes,Products only,,Yes,,,Brand layout,,1740,58
Mercedes C (W203),Europe1/Brand/CAPRISTO EXHAUST/Mercedes-Benz ,78,No,mercedes-c-w203,Mercedes C (W203),,Mercedes C (W203),Mercedes C (W203),Mercedes C (W203),Yes,Products only,,Yes,,,Brand layout,,1725,58
Mercedes C (W202),Europe1/Brand/CAPRISTO EXHAUST/Mercedes-Benz ,73,No,mercedes-c-w202,Mercedes C (W202),,Mercedes C (W202),Mercedes C (W202),Mercedes C (W202),Yes,Products only,,Yes,,,Brand layout,,1724,58
Nissan GT-R,Europe1/Brand/CAPRISTO EXHAUST/NISSAN,1,Yes,nissan-gt-r,Nissan GT-R,,Nissan GT-R,Nissan GT-R,Nissan GT-R,Yes,Products only,,No,,,Brand layout,,3766,58
Porsche 911 (991),Europe1/Brand/CAPRISTO EXHAUST/Porsche,1,Yes,porsche-911-991,Porsche 911 (991),,Porsche 911 (991),Porsche 911 (991),Porsche 911 (991),Yes,Products only,,Yes,,,Brand layout,,3006,58
Porsche Boxster / Cayman (981),Europe1/Brand/CAPRISTO EXHAUST/Porsche,88,Yes,porsche-boxster-cayman-981,Porsche Boxster / Cayman (981),,Porsche Boxster / Cayman (981),Porsche Boxster / Cayman (981),Porsche Boxster / Cayman (981),Yes,Products only,,Yes,,,Brand layout,,3005,58
Porsche Boxster / Cayman (987),Europe1/Brand/CAPRISTO EXHAUST/Porsche,93,Yes,porsche-boxster-cayman-987,Porsche Boxster / Cayman (987),,Porsche Boxster / Cayman (987),Porsche Boxster / Cayman (987),Porsche Boxster / Cayman (987),Yes,Products only,,Yes,,,Brand layout,,3004,58
Porsche Panamera (971) ,Europe1/Brand/CAPRISTO EXHAUST/Porsche,78,Yes,porsche-panamera-971,Porsche Panamera (971) Generation 2  (2016-),,Porsche Panamera (971) ,Porsche Panamera (971) ,Porsche Panamera (971) ,Yes,Products only,,No,,,Brand layout,,3773,58
Porsche Boxster / Cayman (982 / 718),Europe1/Brand/CAPRISTO EXHAUST/Porsche,83,Yes,porsche-boxster-cayman-982-718,Porsche Boxster / Cayman (982 / 718),,Porsche Boxster / Cayman (982 / 718),Porsche Boxster / Cayman (982 / 718),Porsche Boxster / Cayman (982 / 718),Yes,Products only,,No,,,Brand layout,,3772,58
Porsche 911 (991) GT3 / GT3 RS,Europe1/Brand/CAPRISTO EXHAUST/Porsche,103,Yes,porsche-911-991-gt3-gt3-rs,Porsche 911 (991) GT3 / GT3 RS,,Porsche 911 (991) GT3 / GT3 RS,Porsche 911 (991) GT3 / GT3 RS,Porsche 911 (991) GT3 / GT3 RS,Yes,Products only,,No,,,Brand layout,,3776,58
Porsche Boxster (986),Europe1/Brand/CAPRISTO EXHAUST/Porsche,98,Yes,porsche-boxster-986,Porsche Boxster (986),,Porsche Boxster (986),Porsche Boxster (986),Porsche Boxster (986),Yes,Products only,,Yes,,,Brand layout,,3003,58
Porsche 911 (996),Europe1/Brand/CAPRISTO EXHAUST/Porsche,34,Yes,porsche-911-996,Porsche 911 (996),,Porsche 911 (996),Porsche 911 (996),Porsche 911 (996),Yes,Products only,,No,,,Brand layout,,450,58
Porsche Cayenne (958),Europe1/Brand/CAPRISTO EXHAUST/Porsche,52,Yes,porsche-cayenne-958,Porsche Cayenne (958),,Porsche Cayenne (958),Porsche Cayenne (958),Porsche Cayenne (958),Yes,Products only,,Yes,,,Brand layout,,2274,58
Porsche 911 (997),Europe1/Brand/CAPRISTO EXHAUST/Porsche,25,Yes,porsche-911-997,Porsche 911 (997),,Porsche 911 (997),Porsche 911 (997),Porsche 911 (997),Yes,Products only,,Yes,,,Brand layout,,2275,58
Porsche Cayenne (957),Europe1/Brand/CAPRISTO EXHAUST/Porsche,61,Yes,porsche-cayenne-957,Porsche Cayenne (957),,Porsche Cayenne (957),Porsche Cayenne (957),Porsche Cayenne (957),Yes,Products only,,Yes,,,Brand layout,,1749,58
Porsche Macan (95B),Europe1/Brand/CAPRISTO EXHAUST/Porsche,43,Yes,porsche-macan,Porsche Macan (95B),,Porsche Macan (95B),Porsche Macan (95B),Porsche Macan (95B),Yes,Products only,,Yes,,,Brand layout,,1750,58
Porsche Panamera (970),Europe1/Brand/CAPRISTO EXHAUST/Porsche,73,Yes,porsche-panamera,Porsche Panamera (970)  2010-2016,,Porsche Panamera (970),Porsche Panamera (970),Porsche Panamera (970),Yes,Products only,,Yes,,,Brand layout,,1751,58
Porsche Cayenne (955),Europe1/Brand/CAPRISTO EXHAUST/Porsche,68,Yes,porsche-cayenne-955,Porsche Cayenne (955),,Porsche Cayenne (955),Porsche Cayenne (955),Porsche Cayenne (955),Yes,Products only,,Yes,,,Brand layout,,1752,58
Land Rover Discovery  III,Europe1/Brand/CAPRISTO EXHAUST/Range Rover,78,Yes,land-rover-discovery-iii,"Land Rover Discovery  III
",,Land Rover Discovery  III,"Land Rover Discovery  III
","Land Rover Discovery  III
",Yes,Products only,,Yes,,,Brand layout,,3008,58
Land Rover Discovery Sport (L550),Europe1/Brand/CAPRISTO EXHAUST/Range Rover,73,Yes,land-rover-discovery-sport-l550,"Land Rover Discovery Sport (L550)
",,Land Rover Discovery Sport (L550),Land Rover Discovery Sport (L550),Land Rover Discovery Sport (L550),Yes,Products only,,No,,,Brand layout,,3007,58
Range Rover Velar ,Europe1/Brand/CAPRISTO EXHAUST/Range Rover,93,Yes,range-rover-velar,Range Rover Velar ,,Range Rover Velar ,Range Rover Velar ,Range Rover Velar ,Yes,Products only,,No,,,Brand layout,,3783,58
Range Rover Sport MK1 (L320),Europe1/Brand/CAPRISTO EXHAUST/Range Rover,1,Yes,range-rover-sport-mk1-l320,Range Rover Sport MK1 (L320),,,Range Rover Sport MK1 (L320),Range Rover Sport MK1 (L320),Yes,Products only,,No,,,Brand layout,,53,58
Range Rover Sport MK2 (L494),Europe1/Brand/CAPRISTO EXHAUST/Range Rover,25,Yes,range-rover-sport-mk2-l494,Range Rover Sport MK2 (L494),,,Range Rover Sport MK2 (L 494),Range Rover Sport MK2 (L 494),Yes,Products only,,Yes,,,Brand layout,,46,58
Range Rover MK 3 (L322),Europe1/Brand/CAPRISTO EXHAUST/Range Rover,43,Yes,range-rover-mk-3-l322,Range Rover MK 3 (L322),,Range Rover MK 3 (L322),Range Rover MK 3 (L322),Range Rover MK 3 (L322),Yes,Products only,,Yes,,,Brand layout,,1783,58
Range Rover MK 4 (L405),Europe1/Brand/CAPRISTO EXHAUST/Range Rover,52,Yes,range-rover-mk-4-l405,Range Rover MK 4 (L405),,Range Rover MK 4 (L405),Range Rover MK 4 (L405),Range Rover MK 4 (L405),Yes,Products only,,Yes,,,Brand layout,,2944,58
Land Rover Freelander (II),Europe1/Brand/CAPRISTO EXHAUST/Range Rover,68,Yes,land-rover-freelander-ii,Land Rover Freelander (II),,Land Rover Freelander (II),Land Rover Freelander (II),Land Rover Freelander (II),Yes,Products only,,Yes,,,Brand layout,,1778,58
Range Rover Evoque,Europe1/Brand/CAPRISTO EXHAUST/Range Rover,34,Yes,range-rover-evoque,Range Rover Evoque,,Range Rover Evoque,Range Rover Evoque,Range Rover Evoque,Yes,Products only,,Yes,,,Brand layout,,1779,58
Land Rover Defender,Europe1/Brand/CAPRISTO EXHAUST/Range Rover,88,Yes,land-rover-defender,Land Rover Defender,,Land Rover Defender,Land Rover Defender,Land Rover Defender,Yes,Products only,,Yes,,,Brand layout,,1780,58
Land Rover Discovery (IV),Europe1/Brand/CAPRISTO EXHAUST/Range Rover,83,Yes,land-rover-discovery-iv,Land Rover Discovery (IV),,Land Rover Discovery (IV),Land Rover Discovery (IV),Land Rover Discovery (IV),Yes,Products only,,Yes,,,Brand layout,,1781,58
Land Rover Freelander (I),Europe1/Brand/CAPRISTO EXHAUST/Range Rover,61,Yes,land-rover-freelander-i,Land Rover Freelander (I),,Land Rover Freelander (I),Land Rover Freelander (I),Land Rover Freelander (I),Yes,Products only,,Yes,,,Brand layout,,1782,58
Rolls-Royce  Phantom,Europe1/Brand/CAPRISTO EXHAUST/Rolls-Royce,1,Yes,rolls-royce-phantom,Rolls-Royce  Phantom,,Rolls-Royce Phantom,Rolls-Royce  Phantom,Rolls Royce  Phantom,Yes,Products only,,Yes,,,Brand layout,,3009,58
Rolls-Royce Phantom Drophead Coupe,Europe1/Brand/CAPRISTO EXHAUST/Rolls-Royce,25,Yes,rolls-royce-phantom-drophead-coupe,Rolls-Royce Phantom Drophead Coupe,,Rolls-Royce  Phantom Drophead Coupe,Rolls-Royce  Phantom Drophead Coupe,Rolls-Royce Phantom Drophead Coupe,Yes,Products only,,Yes,,,Brand layout,,3010,58
Rolls-Royce Ghost II ,Europe1/Brand/CAPRISTO EXHAUST/Rolls-Royce,43,Yes,rolls-royce-ghost-ii,"Rolls-Royce Ghost II 
",,Rolls-Royce Ghost II ,"Rolls-Royce Ghost II 
","Rolls-Royce Ghost II 
",Yes,Products only,,Yes,,,Brand layout,,3012,58
Rolls-Royce Ghost ,Europe1/Brand/CAPRISTO EXHAUST/Rolls-Royce,34,Yes,rolls-royce-ghost,Rolls-Royce Ghost ,,Rolls-Royce Ghost ,Rolls-Royce Ghost ,Rolls-Royce  Ghost ,Yes,Products only,,Yes,,,Brand layout,,3011,58
Rolls-Royce Dawn,Europe1/Brand/CAPRISTO EXHAUST/Rolls-Royce,61,Yes,rolls-royce-dawn,Rolls-Royce Dawn,,Rolls-Royce Dawn,Rolls-Royce Dawn,Rolls-Royce Dawn,Yes,Products only,,No,,,Brand layout,,3777,58
Rolls-Royce Wraith,Europe1/Brand/CAPRISTO EXHAUST/Rolls-Royce,52,Yes,rolls-royce-wraith,Rolls-Royce Wraith Coupe,,,Rolls-Royce Wraith Coupe,Rolls-Royce Wraith Coupe,Yes,Products only,,No,,,Brand layout,,47,58
VW Polo V (6C),Europe1/Brand/CAPRISTO EXHAUST/Volkswagen,68,No,vw-polo-v-6c,VW Polo V (6C),,VW Polo V (6C),VW Polo V (6C),VW Polo V (6C),Yes,Products only,,Yes,,,Brand layout,,3598,58
VW Polo V R WRC (6R),Europe1/Brand/CAPRISTO EXHAUST/Volkswagen,61,No,vw-polo-v-r-wrc-6r,VW Polo V R WRC (6R),,VW Polo V R WRC (6R),VW Polo V R WRC (6R),VW Polo V R WRC (6R),Yes,Products only,,Yes,,,Brand layout,,3597,58
VW Polo V GTI (6R),Europe1/Brand/CAPRISTO EXHAUST/Volkswagen,52,No,vw-polo-v-gti-6r,VW Polo V GTI (6R),,VW Polo V GTI (6R),VW Polo V GTI (6R),VW Polo V GTI (6R),Yes,Products only,,Yes,,,Brand layout,,3596,58
VW Polo IV (9N),Europe1/Brand/CAPRISTO EXHAUST/Volkswagen,34,No,vw-polo-iv-9n,VW Polo IV (9N),,VW Polo IV (9N),VW Polo IV (9N),VW Polo IV (9N),Yes,Products only,,Yes,,,Brand layout,,3594,58
VW Touareg,Europe1/Brand/CAPRISTO EXHAUST/Volkswagen,268,No,vw-touareg,,,VW Touareg,VW Touareg,VW Touareg,Yes,Products only,,Yes,,,Brand layout,,3381,58
VW Golf IV GTI,Europe1/Brand/CAPRISTO EXHAUST/Volkswagen,93,No,vw-golf-iv-gti,"VW Golf IV GTI
",,VW Golf IV GTI,"VW Golf IV GTI
","VW Golf IV GTI
",Yes,Products only,,Yes,,,Brand layout,,3013,58
VW Scirocco III R (Typ 13),Europe1/Brand/CAPRISTO EXHAUST/Volkswagen,168,Yes,vw-scirocco-iii-r,"VW	Scirocco III R (Typ 13)",,VW Scirocco III R (Typ 13),VW Scirocco III R (Typ 13),VW Scirocco III R (Typ 13),Yes,Products only,,Yes,,,Brand layout,,465,58
VW Golf V R32,Europe1/Brand/CAPRISTO EXHAUST/Volkswagen,113,Yes,vw-golf-r32-mk-v,VW Golf V R32,,VW Golf V R32,VW Golf V R32,VW Golf V R32,Yes,Products only,,Yes,,,Brand layout,,443,58
VW Golf VI R,Europe1/Brand/CAPRISTO EXHAUST/Volkswagen,128,Yes,vw-golf-vi-r,VW Golf VI R,,VW Golf VI R,VW Golf VI R,VW Golf VI R,Yes,Products only,,Yes,,,Brand layout,,421,58
VW Golf IV R32,Europe1/Brand/CAPRISTO EXHAUST/Volkswagen,98,Yes,vw-golf-iv-r32,VW Golf IV R32,,VW Golf IV R32,VW Golf IV R32,VW Golf IV R32,Yes,Products only,,Yes,,,Brand layout,,407,58
VW Golf IV,Europe1/Brand/CAPRISTO EXHAUST/Volkswagen,88,No,vw-golf-iv,VW Golf IV,,VW Golf IV,VW Golf IV,VW Golf IV,Yes,Products only,,Yes,,,Brand layout,,2205,58
VW Golf Plus,Europe1/Brand/CAPRISTO EXHAUST/Volkswagen,148,No,vw-golf-plus,VW Golf Plus,,VW Golf Plus,VW Golf Plus,VW Golf Plus,Yes,Products only,,Yes,,,Brand layout,,2206,58
VW  Golf VII GTI,Europe1/Brand/CAPRISTO EXHAUST/Volkswagen,138,Yes,vw-golf-vii-gti,"VW 	Golf VII GTI",,"VW 	Golf VII GTI","VW 	Golf VII GTI","VW 	Golf VII GTI",Yes,Products only,,Yes,,,Brand layout,,2210,58
"VW	Golf VII R",Europe1/Brand/CAPRISTO EXHAUST/Volkswagen,143,Yes,vw-golf-vii-r,"VW	Golf VII R",,"VW	Golf VII R","VW	Golf VII R","VW	Golf VII R",Yes,Products only,,Yes,,,Brand layout,,2211,58
VW Golf V GTI ,Europe1/Brand/CAPRISTO EXHAUST/Volkswagen,108,Yes,vw-golf-v-gti,VW Golf V GTI ,,VW Golf V GTI ,VW Golf V GTI ,VW Golf V GTI ,Yes,Products only,,Yes,,,Brand layout,,2212,58
VW Jetta,Europe1/Brand/CAPRISTO EXHAUST/Volkswagen,218,No,vw-jetta,VW Jetta,,VW Jetta,VW Jetta,VW Jetta,Yes,Products only,,Yes,,,Brand layout,,2213,58
VW Lupo,Europe1/Brand/CAPRISTO EXHAUST/Volkswagen,1,No,vw-lupo,VW Lupo,,VW Lupo,VW Lupo,VW Lupo,Yes,Products only,,Yes,,,Brand layout,,2214,58
VW Multivan,Europe1/Brand/CAPRISTO EXHAUST/Volkswagen,291,No,vw-multivan,VW Multivan,,VW Multivan,VW Multivan,VW Multivan,Yes,Products only,,Yes,,,Brand layout,,2216,58
VW Multivan T5,Europe1/Brand/CAPRISTO EXHAUST/Volkswagen,295,No,vw-multivan-t5,VW Multivan T5,,VW Multivan T5,VW Multivan T5,VW Multivan T5,Yes,Products only,,Yes,,,Brand layout,,2217,58
VW New Beetle,Europe1/Brand/CAPRISTO EXHAUST/Volkswagen,198,No,vw-new-beetle,VW New Beetle,,VW New Beetle,VW New Beetle,VW New Beetle,Yes,Products only,,Yes,,,Brand layout,,2218,58
VW Passat R36 B6/B7 (3C),Europe1/Brand/CAPRISTO EXHAUST/Volkswagen,183,Yes,vw-passat-r36-b6-b7-3c,VW Passat R36 B6/B7 (3C),,VW Passat R36 B6/B7 (3C),VW Passat R36 B6/B7 (3C),VW Passat R36 B6/B7 (3C),Yes,Products only,,Yes,,,Brand layout,,2220,58
VW Passat B8,Europe1/Brand/CAPRISTO EXHAUST/Volkswagen,193,Yes,vw-passat-b8,VW Passat B8,,VW Passat B8,VW Passat B8,VW Passat B8,Yes,Products only,,Yes,,,Brand layout,,2221,58
VW Golf III,Europe1/Brand/CAPRISTO EXHAUST/Volkswagen,83,No,vw-golf-iii,VW Golf III,,VW Golf III,VW Golf III,VW Golf III,Yes,Products only,,Yes,,,Brand layout,,2204,58
VW Fox,Europe1/Brand/CAPRISTO EXHAUST/Volkswagen,73,No,vw-fox,VW Fox,,VW Fox,VW Fox,VW Fox,Yes,Products only,,Yes,,,Brand layout,,2202,58
VW Cross Golf,Europe1/Brand/CAPRISTO EXHAUST/Volkswagen,153,No,cross-golf,VW Cross Golf,,VW Cross Golf,VW Cross Golf,VW Cross Golf,Yes,Products only,,Yes,,,Brand layout,,2201,58
VW Golf VI,Europe1/Brand/CAPRISTO EXHAUST/Volkswagen,118,Yes,vw-golf-vi,VW Golf VI,,VW Golf VI,VW Golf VI,VW Golf VI,Yes,Products only,,Yes,,,Brand layout,,2198,58
VW Bora,Europe1/Brand/CAPRISTO EXHAUST/Volkswagen,203,No,vw-bora,VW Bora,,VW Bora,VW Bora,VW Bora,Yes,Products only,,Yes,,,Brand layout,,2199,58
VW Caravelle,Europe1/Brand/CAPRISTO EXHAUST/Volkswagen,287,No,vw-caravelle,VW Caravelle,,VW Caravelle,VW Caravelle,VW Caravelle,Yes,Products only,,Yes,,,Brand layout,,2200,58
VW Polo (6N),Europe1/Brand/CAPRISTO EXHAUST/Volkswagen,25,No,vw-polo-6n,VW Polo (6N),,VW Polo (6N),VW Polo (6N),VW Polo (6N),Yes,Products only,,Yes,,,Brand layout,,2223,58
VW Sharan,Europe1/Brand/CAPRISTO EXHAUST/Volkswagen,233,No,vw-sharan,VW Sharan,,VW Sharan,VW Sharan,VW Sharan,Yes,Products only,,Yes,,,Brand layout,,2228,58
VW Touran,Europe1/Brand/CAPRISTO EXHAUST/Volkswagen,253,No,vw-touran,VW Touran,,VW Touran,VW Touran,VW Touran,Yes,Products only,,Yes,,,Brand layout,,2230,58
VW Vento,Europe1/Brand/CAPRISTO EXHAUST/Volkswagen,223,No,vw-vento,VW Vento,,VW Vento,VW Vento,VW Vento,Yes,Products only,,Yes,,,Brand layout,,2231,58
VW Golf VI GTI,Europe1/Brand/CAPRISTO EXHAUST/Volkswagen,123,Yes,vw-golf-vi-gti,VW Golf VI GTI,,VW Golf VI GTI,VW Golf VI GTI,VW Golf VI GTI,Yes,Products only,,Yes,,,Brand layout,,2958,58
VW  Amarok,Europe1/Brand/CAPRISTO EXHAUST/Volkswagen,273,No,vw-amarok,VW  Amarok,,VW  Amarok,VW  Amarok,VW  Amarok,Yes,Products only,,Yes,,,Brand layout,,1754,58
VW Caddy III ,Europe1/Brand/CAPRISTO EXHAUST/Volkswagen,278,No,vw-caddy-iii-2k,VW Caddy III ,,VW Caddy III ,VW Caddy III ,VW Caddy III ,Yes,Products only,,Yes,,,Brand layout,,1756,58
VW Eos,Europe1/Brand/CAPRISTO EXHAUST/Volkswagen,78,No,vw-eos-1f,VW Eos,,VW Eos,VW Eos,VW Eos,Yes,Products only,,Yes,,,Brand layout,,1757,58
VW Tiguan,Europe1/Brand/CAPRISTO EXHAUST/Volkswagen,243,Yes,vw-tiguan,VW Tiguan,,VW Tiguan,VW Tiguan,VW Tiguan,Yes,Products only,,Yes,,,Brand layout,,1770,58
VW Touareg II (C2),Europe1/Brand/CAPRISTO EXHAUST/Volkswagen,263,No,vw-touareg-ii-c2,VW Touareg II (C2),,VW Touareg II (C2),VW Touareg II (C2),VW Touareg II (C2),Yes,Products only,,Yes,,,Brand layout,,1771,58
VW Touran (1T),Europe1/Brand/CAPRISTO EXHAUST/Volkswagen,248,No,vw-touran-1t,VW Touran (1T),,VW Touran (1T),VW Touran (1T),VW Touran (1T),Yes,Products only,,Yes,,,Brand layout,,1772,58
VW Crafter,Europe1/Brand/CAPRISTO EXHAUST/Volkswagen,283,No,vw-crafter,VW Crafter,,VW Crafter,VW Crafter,VW Crafter,Yes,Products only,,Yes,,,Brand layout,,1774,58
VW LT,Europe1/Brand/CAPRISTO EXHAUST/Volkswagen,302,No,vw-lt,VW LT,,VW LT,VW LT,VW LT,Yes,Products only,,Yes,,,Brand layout,,1775,58
VW Phaeton,Europe1/Brand/CAPRISTO EXHAUST/Volkswagen,228,No,vw-phaeton,VW Phaeton,,VW Phaeton,VW Phaeton,VW Phaeton,Yes,Products only,,Yes,,,Brand layout,,1776,58
VW Touareg I (7L),Europe1/Brand/CAPRISTO EXHAUST/Volkswagen,258,No,vw-touareg-i-7l,VW Touareg I (7L),,VW Touareg I (7L),VW Touareg I (7L),VW Touareg I (7L),Yes,Products only,,Yes,,,Brand layout,,1777,58
VW T5 Bus,Europe1/Brand/CAPRISTO EXHAUST/Volkswagen,299,No,vw-t5-bus,VW T5 Bus,,VW T5 Bus,VW T5 Bus,VW T5 Bus,Yes,Products only,,Yes,,,Brand layout,,1769,58
VW Sharan II,Europe1/Brand/CAPRISTO EXHAUST/Volkswagen,238,No,vw-sharan-ii,VW Sharan II,,VW Sharan II,VW Sharan II,VW Sharan II,Yes,Products only,,Yes,,,Brand layout,,1768,58
VW Scirocco III (Typ 13),Europe1/Brand/CAPRISTO EXHAUST/Volkswagen,163,Yes,vw-scirocco-iii-typ-13,VW Scirocco III (Typ 13),,VW Scirocco III (Typ 13),VW Scirocco III (Typ 13),VW Scirocco III (Typ 13),Yes,Products only,,Yes,,,Brand layout,,1767,58
VW Golf VII ,Europe1/Brand/CAPRISTO EXHAUST/Volkswagen,133,Yes,vw-golf-vii-au,VW Golf VII ,,VW Golf VII ,VW Golf VII ,VW Golf VII ,Yes,Products only,,Yes,,,Brand layout,,1760,58
VW Jetta V (1K5),Europe1/Brand/CAPRISTO EXHAUST/Volkswagen,208,No,vw-jetta-v-1k5,VW Jetta V (1K5),,VW Jetta V (1K5),VW Jetta V (1K5),VW Jetta V (1K5),Yes,Products only,,Yes,,,Brand layout,,1761,58
VW Golf V ,Europe1/Brand/CAPRISTO EXHAUST/Volkswagen,103,Yes,vw-golf-v-1k,VW Golf V ,,VW Golf V ,VW Golf V ,VW Golf V ,Yes,Products only,,Yes,,,Brand layout,,1759,58
VW Golf Sportsvan,Europe1/Brand/CAPRISTO EXHAUST/Volkswagen,158,No,vw-golf-sportsvan,VW Golf Sportsvan,,VW Golf Sportsvan,VW Golf Sportsvan,VW Golf Sportsvan,Yes,Products only,,Yes,,,Brand layout,,1758,58
VW Jetta VI,Europe1/Brand/CAPRISTO EXHAUST/Volkswagen,213,No,vw-jetta-vi,VW Jetta VI,,VW Jetta VI,VW Jetta VI,VW Jetta VI,Yes,Products only,,Yes,,,Brand layout,,1762,58
VW Passat B6 (3C),Europe1/Brand/CAPRISTO EXHAUST/Volkswagen,173,No,vw-passat-b6-3c,VW Passat B6 (3C),,VW Passat B6 (3C),VW Passat B6 (3C),VW Passat B6 (3C),Yes,Products only,,Yes,,,Brand layout,,1763,58
VW Passat B7 (3C),Europe1/Brand/CAPRISTO EXHAUST/Volkswagen,178,Yes,vw-passat-b7-3c,VW Passat B7 (3C),,VW Passat B7 (3C),VW Passat B7 (3C),VW Passat B7 (3C),Yes,Products only,,Yes,,,Brand layout,,1764,58
VW Passat CC (3C),Europe1/Brand/CAPRISTO EXHAUST/Volkswagen,188,Yes,vw-passat-cc-3c,VW Passat CC (3C),,VW Passat CC (3C),VW Passat CC (3C),VW Passat CC (3C),Yes,Products only,,Yes,,,Brand layout,,1765,58
VW Polo V (6R),Europe1/Brand/CAPRISTO EXHAUST/Volkswagen,43,No,vw-polo-v-6r,VW Polo V (6R),,VW Polo V (6R),VW Polo V (6R),VW Polo V (6R),Yes,Products only,,Yes,,,Brand layout,,1766,58
